cod_cust_id,Clusters_1
1,2
2,3
3,3
4,2
5,0
6,1
7,0
8,3
9,1
10,2
11,0
12,2
13,3
14,3
15,1
16,1
17,3
18,1
19,0
20,2
21,0
22,0
23,3
24,3
25,0
26,0
27,0
28,1
29,1
30,1
31,1
32,2
33,1
34,1
35,2
36,3
37,2
38,1
39,2
40,1
41,3
42,3
43,0
44,3
45,2
46,3
47,3
48,3
49,1
50,1
51,1
52,1
53,1
54,2
55,0
56,1
57,1
58,3
59,2
60,2
61,0
62,2
63,1
64,0
65,1
66,1
67,1
68,3
69,2
70,1
71,2
72,3
73,3
74,2
75,1
76,0
77,3
78,2
79,1
80,2
81,2
82,1
83,1
84,2
85,0
86,0
87,0
88,1
89,2
90,0
91,2
92,2
93,2
94,0
95,2
96,2
97,1
98,0
99,2
100,0
101,1
102,3
103,0
104,2
105,2
106,0
107,0
108,0
109,3
110,1
111,1
112,2
113,1
114,0
115,1
116,1
117,1
118,0
119,3
120,0
121,0
122,0
123,3
124,3
125,1
126,2
127,1
128,3
129,2
130,2
131,0
132,1
133,0
134,2
135,1
136,2
137,2
138,2
139,3
140,0
141,3
142,0
143,0
144,3
145,2
146,2
147,2
148,3
149,1
150,0
151,0
152,0
153,3
154,1
155,1
156,0
157,0
158,0
159,1
160,1
161,1
162,0
163,1
164,1
165,1
166,1
167,3
168,0
169,3
170,1
171,0
172,0
173,0
174,3
175,1
176,1
177,2
178,1
179,0
180,3
181,3
182,0
183,3
184,1
185,0
186,1
187,3
188,1
189,0
190,0
191,1
192,3
193,1
194,1
195,1
196,0
197,1
198,2
199,1
200,0
201,1
202,2
203,3
204,2
205,2
206,2
207,3
208,1
209,0
210,0
211,1
212,1
213,1
214,2
215,1
216,0
217,1
218,2
219,1
220,3
221,0
222,1
223,0
224,0
225,0
226,1
227,2
228,3
229,3
230,2
231,2
232,0
233,1
234,3
235,3
236,1
237,3
238,3
239,3
240,3
241,1
242,0
243,2
244,2
245,2
246,3
247,0
248,1
249,1
250,1
251,0
252,0
253,1
254,0
255,2
256,0
257,0
258,0
259,1
260,0
261,1
262,2
263,3
264,1
265,1
266,3
267,1
268,0
269,2
270,2
271,2
272,1
273,2
274,1
275,0
276,0
277,1
278,3
279,3
280,3
281,0
282,1
283,1
284,3
285,3
286,1
287,0
288,2
289,3
290,3
291,0
292,3
293,3
294,2
295,1
296,3
298,1
299,2
300,2
301,3
302,2
303,0
304,1
305,1
306,2
307,0
308,1
309,2
310,2
311,1
312,0
313,1
314,3
315,0
316,3
317,2
318,2
319,2
320,1
321,0
322,1
323,0
324,2
325,0
326,0
327,3
328,3
329,1
330,0
331,0
332,1
333,3
334,1
335,0
336,0
337,2
338,1
339,3
340,3
341,3
342,1
343,0
344,1
345,1
346,1
347,2
348,3
349,1
350,3
351,2
352,3
353,1
354,3
355,0
356,0
357,1
358,0
359,1
360,0
361,2
362,0
363,1
364,2
365,3
366,3
367,1
368,1
369,0
370,3
371,1
372,1
373,1
374,1
375,0
376,1
377,3
378,1
379,2
380,2
381,3
382,1
383,3
384,1
385,0
386,0
387,1
388,2
389,2
390,1
391,0
392,3
393,2
394,3
395,1
396,2
397,3
398,0
399,3
400,1
401,0
402,1
403,3
404,3
405,1
406,2
407,2
408,2
409,0
410,2
411,2
412,1
413,2
414,1
415,1
416,1
417,1
418,1
419,1
420,0
421,0
422,0
423,2
424,2
425,1
426,0
427,1
428,0
429,3
430,2
431,1
432,3
433,1
434,1
435,0
436,1
437,0
438,0
439,2
440,1
441,1
442,0
443,0
444,0
445,2
446,0
447,3
448,1
449,1
450,3
451,3
452,3
453,1
454,3
455,3
456,2
457,0
458,0
459,0
460,2
461,1
462,3
463,3
464,1
465,2
466,0
467,1
468,3
469,2
470,1
471,2
472,0
473,1
474,1
475,3
476,3
477,0
478,0
479,1
480,3
481,0
482,3
483,3
484,0
485,3
486,0
487,2
488,2
489,1
490,0
491,1
492,3
493,2
494,2
495,2
496,0
497,3
498,1
499,1
500,1
501,2
502,3
503,0
504,0
505,2
506,3
507,2
508,0
509,2
510,3
511,2
512,1
513,2
514,0
515,0
516,3
517,1
518,3
519,3
520,2
521,1
522,3
523,1
524,2
525,3
526,3
527,1
528,2
529,0
530,3
531,0
532,0
533,1
534,3
535,1
536,0
537,0
538,0
539,2
540,3
541,1
542,1
543,1
544,1
545,0
546,1
547,1
548,1
549,1
550,0
551,0
552,3
553,1
554,3
555,0
556,0
557,2
558,2
559,3
560,2
561,3
562,1
563,3
564,3
565,1
566,1
567,2
568,3
569,3
570,2
571,1
572,0
573,3
574,3
575,0
576,0
577,0
578,0
579,2
580,2
581,1
582,3
583,2
584,0
585,3
586,2
587,3
588,0
589,3
590,2
591,2
592,2
593,2
594,0
595,1
596,2
597,1
598,2
599,2
600,0
601,2
602,0
603,1
604,0
605,1
606,2
607,0
608,1
609,1
610,0
611,0
612,1
613,2
614,1
615,1
616,2
617,3
618,2
619,3
621,1
622,1
623,1
624,2
625,0
626,0
627,0
628,1
629,1
630,1
631,0
632,3
633,0
634,3
635,1
636,3
637,3
638,3
639,2
640,1
641,1
642,0
643,0
644,0
645,3
646,2
647,0
648,0
649,3
650,0
651,3
652,3
653,0
654,2
655,1
656,1
657,3
658,3
659,1
660,3
661,1
662,0
663,0
664,1
665,0
666,3
667,0
668,2
669,3
670,1
671,0
672,1
673,2
674,3
675,0
676,2
677,0
678,0
679,1
680,2
681,2
682,2
683,0
684,3
685,3
686,3
687,0
688,3
689,3
690,3
691,1
692,3
693,1
694,3
695,2
696,0
697,3
698,2
699,3
700,2
701,3
702,1
703,2
704,1
705,3
706,3
707,1
708,2
709,0
710,3
711,2
712,3
713,3
714,1
715,1
716,1
717,2
718,2
719,2
720,3
721,0
722,1
723,0
724,2
725,3
726,2
727,2
728,2
729,1
730,3
731,0
732,0
733,0
734,3
735,0
736,2
737,1
738,1
739,2
740,1
741,0
742,1
743,3
744,1
745,1
746,2
747,0
748,0
749,1
750,3
751,0
752,3
753,1
754,1
755,0
756,3
757,0
758,2
759,0
760,3
761,3
762,3
763,3
764,3
765,3
766,1
767,2
768,1
769,3
770,3
771,0
772,3
774,1
775,1
776,0
777,3
778,2
779,0
780,0
781,2
782,0
783,1
784,2
785,1
786,1
787,2
788,1
789,2
790,0
791,2
792,1
793,3
794,1
795,2
796,0
797,3
798,3
799,2
800,3
801,1
802,2
803,2
804,2
805,1
806,0
807,3
808,0
809,2
810,2
811,0
812,1
813,2
814,3
815,0
816,2
817,3
818,0
819,3
820,1
821,0
822,0
823,0
824,2
825,1
826,3
827,1
828,2
829,3
830,1
831,0
832,2
833,1
834,3
835,2
836,0
837,3
838,0
839,2
840,1
841,1
842,0
843,1
844,2
845,0
846,2
847,2
848,1
849,3
850,1
851,0
852,0
853,1
854,1
855,2
856,1
857,1
858,0
859,0
860,1
861,2
862,1
863,3
864,3
865,0
866,3
867,0
868,0
869,2
870,3
871,2
872,0
873,3
874,1
875,0
876,0
877,3
878,1
879,2
880,1
881,0
882,0
883,2
884,0
885,3
886,1
887,0
888,2
889,3
890,3
891,3
892,1
893,3
894,1
895,0
896,3
897,0
898,0
899,0
900,0
901,0
902,2
903,2
904,3
905,1
906,0
907,0
908,0
909,2
910,1
911,3
912,1
913,0
914,2
915,3
916,3
917,1
918,2
919,2
920,1
921,2
922,1
923,0
924,1
925,3
926,0
927,3
928,1
929,1
930,2
931,1
932,3
933,2
934,0
935,2
936,1
937,1
938,0
939,3
940,0
941,1
942,1
943,1
944,1
945,3
946,1
947,0
948,2
949,1
950,3
951,3
952,1
953,0
954,2
955,0
956,3
957,0
958,2
959,3
960,3
961,0
962,2
963,2
964,0
965,1
966,3
967,3
968,3
969,1
970,1
971,3
972,0
973,0
974,0
975,2
976,3
977,2
978,0
979,3
980,2
981,0
982,1
983,3
984,1
985,0
986,2
987,0
988,0
989,0
990,2
991,0
992,3
993,3
994,0
995,3
996,0
997,3
998,3
999,2
1000,0
1001,2
1002,2
1003,1
1004,2
1005,0
1006,0
1007,0
1008,3
1009,2
1010,3
1011,0
1012,0
1013,0
1014,0
1015,3
1016,0
1017,3
1018,3
1019,2
1020,0
1021,1
1022,3
1023,1
1024,3
1025,1
1026,2
1027,0
1028,1
1029,0
1030,0
1031,3
1032,0
1033,1
1034,0
1035,0
1036,3
1037,3
1038,3
1039,2
1040,1
1041,0
1042,1
1043,0
1044,3
1045,1
1046,2
1047,1
1048,1
1049,1
1050,1
1051,3
1052,1
1053,3
1054,2
1055,3
1056,0
1057,1
1058,2
1059,3
1060,0
1061,3
1062,3
1063,1
1064,1
1065,2
1066,1
1067,3
1068,2
1069,1
1070,3
1071,1
1072,1
1073,2
1074,3
1075,1
1076,1
1077,0
1078,0
1079,2
1080,0
1081,3
1082,0
1083,0
1084,3
1085,2
1086,2
1087,1
1088,2
1089,1
1090,3
1091,1
1092,3
1093,1
1094,0
1095,3
1096,1
1097,1
1098,3
1099,1
1100,1
1101,2
1102,3
1103,3
1104,3
1105,1
1106,1
1107,3
1108,1
1109,2
1110,2
1111,1
1112,1
1113,3
1114,2
1115,2
1116,2
1117,1
1118,1
1119,2
1120,3
1121,1
1122,0
1123,2
1124,1
1125,1
1126,2
1127,1
1128,0
1129,3
1130,2
1131,1
1132,3
1133,2
1134,0
1135,3
1136,2
1137,0
1138,1
1139,0
1140,1
1141,1
1142,3
1143,1
1144,2
1145,2
1146,3
1147,1
1148,2
1149,0
1150,0
1151,3
1152,1
1153,2
1154,1
1155,1
1156,1
1157,1
1158,1
1159,1
1160,1
1161,2
1162,1
1163,1
1164,3
1165,1
1166,3
1167,1
1168,1
1169,1
1170,2
1171,0
1172,3
1173,1
1174,0
1175,2
1176,3
1177,2
1178,3
1179,1
1180,1
1181,3
1182,0
1183,1
1184,2
1185,3
1186,0
1187,0
1188,2
1189,1
1190,0
1191,2
1192,3
1193,0
1194,2
1195,1
1196,0
1197,0
1198,2
1199,0
1200,2
1201,2
1202,1
1203,2
1204,1
1205,3
1206,1
1207,3
1208,0
1209,0
1210,3
1211,2
1212,3
1213,2
1214,3
1215,0
1216,3
1217,3
1218,0
1219,0
1220,1
1221,3
1222,1
1223,0
1224,0
1225,1
1226,2
1227,2
1228,2
1229,0
1230,0
1231,1
1232,0
1233,0
1234,0
1235,2
1236,2
1237,3
1238,3
1239,0
1240,2
1241,0
1242,0
1243,1
1244,1
1245,3
1246,1
1247,2
1248,2
1249,1
1250,1
1251,3
1252,2
1253,0
1254,1
1255,3
1256,2
1257,2
1258,0
1259,1
1260,1
1261,1
1262,0
1263,0
1264,3
1265,0
1266,0
1267,3
1268,3
1269,1
1270,2
1271,2
1272,3
1273,2
1274,3
1275,2
1276,1
1277,3
1278,2
1279,1
1280,0
1281,2
1282,1
1283,2
1284,0
1285,1
1286,0
1287,2
1288,0
1289,3
1290,2
1291,0
1292,2
1293,3
1294,0
1295,3
1296,0
1297,1
1298,1
1299,3
1300,0
1301,3
1302,3
1303,0
1304,2
1305,1
1306,0
1307,1
1308,3
1309,1
1310,0
1311,0
1312,1
1313,2
1314,0
1315,3
1316,1
1317,3
1318,1
1319,2
1320,3
1321,0
1322,1
1323,0
1324,3
1325,2
1326,0
1327,1
1328,3
1329,3
1330,1
1331,1
1332,0
1333,3
1334,3
1335,2
1336,2
1337,2
1338,1
1339,0
1340,3
1341,0
1342,3
1343,2
1344,0
1345,1
1346,3
1347,3
1348,2
1349,0
1350,0
1351,3
1352,3
1353,1
1354,3
1355,2
1356,1
1357,1
1358,1
1359,1
1360,2
1361,0
1362,1
1363,1
1364,0
1365,3
1366,1
1367,0
1368,3
1369,2
1370,3
1371,2
1372,1
1373,2
1374,2
1375,2
1376,1
1377,3
1378,0
1379,2
1380,1
1381,2
1382,0
1383,3
1384,0
1385,0
1386,0
1387,2
1388,0
1389,1
1390,3
1391,0
1392,1
1393,1
1394,1
1395,2
1396,2
1397,0
1398,2
1399,1
1400,3
1401,1
1402,2
1403,3
1404,0
1405,2
1406,1
1407,1
1408,2
1409,0
1410,2
1411,1
1412,2
1413,1
1414,2
1415,1
1416,2
1417,1
1418,0
1419,1
1420,0
1421,1
1422,3
1423,3
1424,1
1425,1
1426,3
1427,1
1428,1
1429,3
1430,0
1431,2
1432,0
1433,0
1434,3
1435,2
1436,0
1437,3
1438,2
1439,0
1440,1
1441,0
1442,3
1443,0
1444,3
1445,1
1446,1
1447,0
1448,2
1449,3
1450,0
1451,1
1452,2
1453,1
1454,2
1455,1
1456,1
1457,2
1458,0
1459,2
1460,3
1461,3
1462,2
1463,2
1464,0
1465,2
1466,3
1467,2
1468,3
1469,0
1470,1
1471,3
1472,2
1473,2
1474,3
1475,2
1476,2
1477,1
1478,0
1479,1
1480,3
1481,2
1482,2
1483,1
1484,3
1485,2
1486,2
1487,2
1488,3
1489,3
1490,3
1491,2
1492,1
1493,3
1494,3
1495,2
1496,1
1497,3
1498,3
1499,3
1500,2
1501,2
1502,3
1503,3
1504,1
1505,3
1506,0
1507,3
1508,3
1509,0
1510,3
1511,2
1512,0
1513,3
1514,1
1515,2
1516,1
1517,3
1518,0
1519,2
1520,1
1521,2
1522,2
1523,0
1524,0
1525,3
1526,2
1527,1
1528,2
1529,3
1530,1
1531,0
1532,3
1533,3
1534,0
1535,2
1536,3
1537,1
1538,2
1539,2
1540,2
1541,3
1542,2
1543,2
1544,1
1545,1
1546,1
1547,1
1548,1
1549,1
1550,2
1551,3
1552,0
1553,2
1554,0
1555,1
1556,3
1557,0
1558,1
1559,0
1560,3
1561,1
1562,3
1563,0
1564,2
1565,3
1566,3
1567,0
1568,2
1569,1
1570,1
1571,3
1572,3
1573,2
1574,1
1575,2
1576,3
1577,2
1578,2
1579,1
1580,3
1581,2
1582,2
1583,2
1584,3
1585,0
1586,0
1587,3
1588,1
1589,1
1590,2
1591,2
1592,1
1593,2
1594,0
1595,2
1596,1
1597,1
1598,3
1599,2
1600,2
1601,1
1602,0
1603,0
1604,1
1605,1
1606,0
1607,3
1608,1
1609,0
1610,3
1611,3
1612,2
1613,2
1614,2
1615,3
1616,1
1617,3
1618,2
1619,3
1620,1
1621,2
1622,0
1623,0
1624,1
1625,1
1626,2
1627,1
1628,3
1629,3
1630,3
1631,1
1632,0
1633,0
1634,0
1635,3
1636,1
1637,1
1638,3
1639,2
1640,0
1641,1
1642,3
1643,2
1644,2
1645,2
1646,2
1647,2
1648,0
1649,1
1650,3
1651,0
1652,0
1653,1
1654,2
1655,2
1656,1
1657,2
1658,0
1659,0
1660,0
1661,3
1662,3
1663,1
1664,2
1665,1
1666,2
1667,1
1668,1
1669,0
1670,1
1671,1
1672,1
1673,3
1674,0
1675,0
1676,0
1677,2
1678,2
1679,2
1680,1
1681,2
1682,1
1683,1
1684,3
1685,0
1686,2
1687,0
1688,1
1689,2
1690,3
1691,3
1692,2
1693,3
1694,0
1695,1
1696,2
1697,1
1698,0
1699,2
1700,2
1701,0
1702,3
1703,3
1704,1
1705,2
1706,2
1707,3
1708,1
1709,3
1710,3
1711,2
1712,1
1713,0
1714,0
1715,1
1716,2
1717,3
1718,1
1719,0
1720,1
1721,2
1722,3
1723,2
1724,3
1725,3
1726,3
1727,2
1728,1
1729,2
1730,3
1731,1
1732,2
1733,1
1734,2
1735,0
1736,1
1737,0
1738,2
1739,2
1740,0
1741,1
1742,1
1743,3
1744,1
1745,1
1746,2
1747,2
1748,1
1749,1
1750,2
1751,2
1752,0
1753,3
1754,1
1755,3
1756,0
1757,0
1758,2
1759,3
1760,1
1761,1
1762,1
1763,0
1764,1
1765,1
1766,3
1767,1
1768,2
1769,1
1770,0
1771,0
1772,3
1773,3
1774,2
1775,2
1776,1
1777,2
1778,1
1779,3
1780,2
1781,0
1782,3
1783,1
1784,2
1785,1
1786,1
1787,3
1788,2
1789,1
1790,2
1791,1
1792,3
1793,3
1794,2
1795,0
1796,3
1797,1
1798,0
1799,3
1800,2
1801,3
1802,0
1803,0
1804,0
1805,3
1806,1
1807,3
1808,2
1809,1
1810,1
1811,1
1812,3
1813,2
1814,2
1815,1
1816,1
1817,0
1818,3
1819,0
1820,0
1821,3
1822,2
1823,2
1824,3
1825,2
1826,1
1827,1
1828,3
1829,1
1830,0
1831,2
1832,3
1833,1
1834,1
1835,1
1836,2
1837,2
1838,0
1839,2
1840,0
1841,2
1842,1
1843,2
1844,1
1845,1
1846,0
1847,0
1848,3
1849,0
1850,1
1851,0
1852,2
1853,1
1854,3
1855,2
1856,0
1857,3
1858,0
1859,1
1860,1
1861,3
1862,1
1863,0
1864,0
1865,2
1866,1
1867,3
1868,2
1869,1
1870,2
1871,3
1872,0
1873,3
1874,1
1875,3
1876,1
1877,2
1878,2
1879,1
1880,2
1881,1
1882,2
1883,0
1884,2
1885,0
1886,1
1887,1
1888,1
1889,0
1890,0
1891,1
1892,3
1893,0
1894,1
1895,1
1896,2
1897,0
1898,1
1899,1
1900,1
1901,1
1902,3
1903,3
1904,1
1905,1
1906,3
1907,1
1908,2
1909,1
1910,3
1911,0
1912,1
1913,0
1914,2
1915,3
1916,1
1917,1
1918,2
1919,0
1920,3
1921,2
1922,1
1923,0
1924,3
1925,1
1926,2
1927,3
1928,0
1929,1
1930,3
1931,1
1932,1
1933,1
1934,2
1935,0
1936,0
1937,2
1938,3
1939,2
1940,2
1941,1
1942,2
1943,1
1944,3
1945,0
1946,3
1947,0
1948,3
1949,1
1950,2
1951,3
1952,2
1953,0
1954,0
1955,3
1956,0
1957,1
1958,0
1959,3
1960,2
1961,2
1962,0
1963,0
1964,1
1965,1
1966,3
1967,3
1968,1
1969,2
1970,1
1971,1
1972,0
1973,3
1974,0
1975,1
1976,3
1977,3
1978,2
1979,0
1980,2
1981,2
1982,1
1983,1
1984,1
1985,3
1986,3
1987,1
1988,3
1989,1
1990,3
1991,1
1992,0
1993,2
1994,1
1995,0
1996,1
1997,1
1998,1
1999,3
2000,3
2001,1
2002,1
2003,1
2004,1
2005,1
2006,1
2007,0
2008,3
2009,2
2010,2
2011,0
2012,2
2013,1
2014,3
2015,2
2016,2
2017,0
2018,3
2019,2
2020,3
2021,0
2022,1
2023,1
2024,1
2025,2
2026,1
2027,1
2028,0
2029,3
2030,1
2031,2
2032,2
2033,3
2034,3
2035,3
2036,3
2037,3
2038,2
2039,3
2040,2
2041,3
2042,1
2043,1
2044,2
2045,1
2046,2
2047,0
2048,3
2049,2
2050,2
2051,3
2052,2
2053,1
2054,3
2055,3
2056,1
2057,0
2058,0
2059,1
2060,1
2061,2
2062,3
2063,2
2064,0
2065,2
2066,0
2067,3
2068,1
2069,3
2070,2
2071,1
2072,2
2073,2
2074,1
2075,2
2076,1
2077,3
2078,3
2079,0
2080,1
2081,1
2082,2
2083,2
2084,1
2085,2
2086,0
2087,2
2088,1
2089,3
2090,1
2091,1
2092,2
2093,3
2094,0
2095,0
2096,1
2097,2
2098,0
2099,2
2100,1
2101,2
2102,0
2103,1
2104,3
2105,1
2106,2
2107,0
2108,0
2109,3
2110,2
2111,3
2112,1
2113,2
2114,0
2115,1
2116,0
2117,1
2118,2
2119,0
2120,3
2121,3
2122,0
2123,3
2124,2
2125,2
2126,1
2127,2
2128,0
2129,0
2130,2
2131,0
2132,3
2133,3
2134,0
2135,0
2136,0
2137,1
2138,3
2139,3
2140,2
2141,3
2142,1
2143,1
2144,3
2145,2
2146,3
2147,0
2148,0
2149,0
2150,2
2151,1
2152,0
2153,1
2154,2
2155,2
2156,1
2157,1
2158,3
2159,3
2160,3
2161,0
2162,2
2163,3
2164,3
2165,2
2166,0
2167,3
2168,1
2169,0
2170,2
2171,0
2172,0
2173,3
2174,3
2175,3
2176,1
2177,2
2178,2
2179,2
2180,0
2181,2
2182,0
2183,1
2184,1
2185,3
2186,1
2187,0
2188,1
2189,3
2190,2
2191,1
2192,1
2193,2
2194,2
2195,2
2196,1
2197,2
2198,2
2199,1
2200,0
2201,1
2202,1
2203,1
2204,3
2205,2
2206,3
2207,2
2208,3
2209,0
2210,2
2211,1
2212,2
2213,0
2214,1
2215,3
2216,3
2217,0
2218,3
2219,0
2220,3
2221,2
2222,1
2223,0
2224,2
2225,0
2226,3
2227,3
2229,3
2230,3
2231,1
2232,2
2233,3
2234,2
2235,1
2236,3
2237,3
2238,1
2239,1
2240,0
2241,3
2242,3
2243,0
2244,1
2245,2
2246,3
2247,3
2248,2
2249,1
2250,0
2251,0
2252,3
2253,2
2254,3
2255,2
2256,2
2257,2
2258,3
2259,3
2260,2
2261,3
2262,2
2263,2
2264,1
2265,0
2266,1
2267,1
2268,1
2269,0
2270,3
2271,0
2272,0
2273,2
2274,1
2275,3
2276,2
2277,3
2278,1
2279,2
2280,1
2281,1
2282,1
2283,0
2284,1
2285,1
2286,0
2287,2
2288,3
2289,2
2290,2
2291,1
2292,0
2293,1
2294,0
2295,1
2296,0
2297,1
2298,1
2299,3
2300,2
2301,0
2302,2
2303,3
2304,1
2305,1
2306,0
2307,3
2308,1
2309,3
2310,1
2311,1
2312,1
2313,1
2314,3
2315,1
2316,2
2317,2
2318,2
2319,1
2320,3
2321,3
2322,0
2323,2
2324,2
2325,0
2326,2
2327,3
2328,3
2329,2
2330,0
2331,1
2332,0
2333,0
2334,2
2335,3
2336,1
2337,2
2338,3
2339,2
2340,3
2341,0
2342,0
2343,1
2344,3
2345,3
2346,3
2347,3
2348,0
2349,3
2350,2
2351,0
2352,3
2353,2
2354,1
2355,3
2356,1
2357,2
2358,1
2359,3
2360,0
2361,3
2362,3
2364,2
2365,0
2366,1
2367,3
2368,2
2369,1
2370,3
2371,1
2372,1
2373,1
2374,3
2375,0
2376,3
2377,2
2378,1
2379,0
2380,0
2381,3
2382,3
2383,3
2384,1
2385,0
2386,0
2387,3
2388,0
2389,2
2390,0
2391,3
2392,1
2393,1
2394,2
2395,3
2396,1
2397,0
2398,0
2399,2
2400,2
2401,2
2402,3
2403,2
2404,1
2405,0
2406,1
2407,2
2408,2
2409,0
2410,1
2411,1
2412,1
2413,1
2414,2
2415,2
2416,1
2417,1
2418,3
2419,2
2420,1
2421,2
2422,0
2423,3
2424,0
2425,0
2426,2
2427,1
2428,1
2429,3
2430,1
2431,3
2432,0
2433,3
2434,3
2435,2
2436,1
2437,2
2438,1
2439,3
2440,3
2441,1
2442,1
2443,0
2444,2
2445,2
2446,3
2447,0
2448,3
2449,3
2450,2
2451,1
2452,2
2453,2
2454,3
2455,3
2456,1
2457,2
2458,0
2459,0
2460,0
2461,2
2462,0
2463,3
2464,2
2465,0
2466,1
2467,2
2468,0
2469,1
2470,1
2471,0
2472,0
2473,2
2474,2
2475,3
2476,1
2477,1
2478,2
2479,2
2480,0
2481,3
2482,1
2483,1
2484,3
2485,3
2486,0
2487,2
2488,1
2489,1
2490,0
2491,3
2492,0
2493,2
2494,3
2495,2
2496,2
2497,3
2498,1
2499,0
2500,3
2501,2
2502,0
2503,2
2504,3
2505,1
2506,1
2507,3
2508,2
2509,2
2510,2
2511,1
2512,1
2513,1
2514,3
2515,2
2516,3
2517,3
2518,1
2519,3
2520,1
2521,3
2522,1
2523,3
2524,1
2525,0
2526,3
2527,2
2528,1
2529,1
2530,1
2531,0
2532,3
2533,0
2534,3
2535,1
2536,0
2537,1
2538,3
2539,1
2540,3
2541,0
2542,1
2543,1
2544,0
2545,1
2546,1
2547,3
2548,1
2549,3
2550,2
2551,0
2552,3
2553,1
2554,0
2555,0
2556,2
2557,2
2558,0
2559,1
2560,1
2561,1
2562,2
2563,2
2564,1
2565,2
2566,0
2567,3
2568,0
2569,1
2570,1
2571,0
2572,1
2573,3
2574,1
2575,3
2576,3
2577,2
2578,3
2579,3
2580,3
2581,2
2582,2
2583,2
2584,3
2585,3
2586,3
2587,2
2588,3
2589,2
2590,2
2591,3
2592,1
2593,0
2594,1
2595,1
2596,3
2597,0
2598,2
2599,3
2600,2
2601,1
2602,3
2603,3
2604,2
2605,1
2606,2
2607,0
2608,2
2609,0
2610,2
2611,2
2612,3
2613,2
2614,2
2615,1
2616,2
2617,0
2618,1
2619,0
2620,1
2621,1
2622,0
2623,0
2624,0
2625,1
2626,3
2627,1
2628,2
2629,1
2630,1
2631,0
2632,3
2633,0
2634,1
2635,2
2636,3
2637,2
2638,1
2639,2
2640,1
2641,2
2642,1
2643,2
2644,1
2645,1
2646,1
2647,1
2648,0
2649,3
2650,1
2651,3
2652,0
2653,1
2654,2
2655,2
2656,2
2657,1
2658,0
2659,3
2660,0
2661,3
2662,1
2663,3
2664,3
2665,2
2666,0
2667,1
2668,2
2669,2
2670,2
2671,2
2673,1
2674,2
2675,3
2676,3
2677,2
2678,1
2679,1
2680,0
2681,1
2682,3
2683,1
2684,0
2685,3
2686,3
2687,2
2688,2
2689,1
2690,2
2691,0
2692,3
2693,1
2694,0
2695,1
2696,3
2697,0
2698,2
2699,2
2700,1
2701,0
2702,2
2703,3
2705,0
2706,2
2707,0
2708,1
2709,3
2710,0
2711,2
2712,1
2713,3
2714,2
2715,1
2716,3
2717,1
2718,2
2719,0
2720,0
2721,2
2722,2
2723,1
2724,3
2725,1
2726,1
2727,3
2728,1
2729,2
2730,1
2731,1
2732,3
2733,0
2734,2
2735,2
2736,0
2737,1
2738,2
2739,3
2740,0
2741,0
2742,2
2743,1
2744,2
2745,0
2746,0
2747,0
2748,3
2749,0
2750,2
2751,1
2752,1
2753,3
2754,3
2755,1
2756,2
2757,0
2758,1
2759,2
2760,2
2761,0
2762,1
2763,2
2764,0
2765,0
2766,3
2767,2
2768,3
2769,0
2770,0
2771,0
2772,2
2773,3
2774,2
2775,2
2776,1
2777,0
2778,0
2779,3
2780,1
2781,3
2782,1
2783,1
2784,1
2785,3
2786,3
2787,1
2788,3
2789,0
2790,1
2791,3
2792,1
2793,1
2794,1
2795,2
2796,0
2797,3
2798,2
2799,0
2800,2
2801,3
2802,2
2803,3
2804,3
2805,3
2806,1
2807,0
2808,1
2809,3
2810,3
2811,0
2812,1
2813,1
2814,0
2815,3
2816,1
2817,2
2818,2
2819,2
2820,3
2821,1
2822,3
2823,2
2824,0
2825,1
2826,1
2827,3
2828,1
2829,0
2830,0
2831,0
2832,0
2833,2
2834,3
2835,1
2836,1
2837,0
2838,3
2839,3
2840,1
2841,2
2842,2
2843,2
2844,0
2845,2
2846,0
2847,3
2848,0
2849,3
2850,2
2851,2
2852,1
2853,0
2854,1
2855,2
2856,1
2857,2
2858,1
2859,2
2860,0
2861,2
2862,1
2863,1
2864,1
2865,1
2866,0
2867,3
2868,3
2869,2
2870,2
2871,2
2872,3
2873,3
2874,3
2875,1
2876,3
2877,2
2878,1
2879,3
2880,3
2881,3
2882,1
2883,0
2884,1
2885,1
2886,1
2887,0
2888,0
2889,2
2890,1
2891,1
2892,1
2893,2
2894,1
2895,1
2896,0
2897,0
2898,0
2899,1
2900,3
2901,3
2902,0
2903,3
2904,0
2905,1
2906,2
2907,1
2908,1
2909,0
2910,2
2911,1
2912,2
2913,2
2914,3
2915,2
2916,0
2917,1
2918,0
2919,1
2920,1
2921,3
2922,2
2923,0
2924,0
2925,0
2926,3
2928,1
2929,1
2930,2
2931,0
2932,2
2933,3
2934,1
2935,2
2936,1
2937,3
2938,3
2939,1
2940,3
2941,3
2942,1
2943,2
2944,2
2945,1
2946,3
2947,3
2948,0
2949,0
2950,1
2951,1
2952,2
2953,2
2954,2
2955,0
2956,3
2957,0
2958,1
2959,1
2960,3
2961,0
2962,1
2963,3
2964,2
2965,1
2966,2
2967,0
2968,3
2969,1
2970,1
2971,3
2972,0
2973,1
2974,1
2975,3
2976,2
2977,1
2978,0
2979,0
2980,1
2981,3
2982,0
2983,2
2984,0
2985,2
2986,0
2987,2
2988,3
2989,1
2990,3
2991,3
2992,2
2993,2
2994,2
2995,1
2996,1
2997,0
2998,0
2999,0
3000,2
3001,0
3002,1
3003,2
3004,0
3005,2
3006,2
3007,1
3008,0
3009,1
3010,1
3011,1
3012,0
3013,0
3014,3
3015,0
3016,2
3017,1
3018,3
3019,2
3020,2
3021,3
3022,1
3023,2
3024,2
3025,0
3026,3
3027,1
3028,1
3029,3
3030,3
3031,3
3032,2
3033,1
3034,1
3035,2
3036,0
3037,2
3038,2
3039,0
3040,1
3041,3
3042,3
3043,3
3044,2
3045,3
3046,3
3047,2
3048,1
3049,1
3050,2
3051,2
3052,0
3053,0
3054,2
3055,0
3056,0
3057,3
3058,2
3059,3
3060,3
3061,1
3062,3
3063,0
3064,1
3065,0
3066,3
3067,2
3068,3
3069,2
3070,3
3071,0
3072,2
3073,1
3074,3
3075,0
3076,3
3077,3
3078,3
3079,1
3080,2
3081,0
3082,1
3083,3
3084,0
3085,3
3086,3
3087,1
3088,2
3089,3
3090,3
3091,1
3092,3
3093,3
3094,1
3095,3
3096,3
3097,3
3098,1
3099,0
3100,0
3101,3
3102,3
3103,2
3104,1
3105,1
3106,2
3107,3
3108,0
3109,3
3110,1
3111,2
3112,3
3113,1
3114,0
3115,3
3116,2
3117,2
3118,3
3119,2
3120,2
3121,1
3122,1
3123,2
3124,1
3125,2
3126,2
3127,3
3128,2
3129,1
3130,0
3131,2
3132,3
3133,3
3134,2
3135,2
3136,0
3137,0
3138,1
3139,3
3140,2
3141,0
3142,2
3143,1
3144,2
3145,1
3146,1
3147,3
3148,2
3149,0
3150,3
3151,3
3152,1
3153,2
3154,3
3155,0
3156,0
3157,3
3158,1
3159,3
3160,0
3161,3
3162,2
3163,0
3164,3
3165,2
3166,3
3167,1
3168,0
3169,1
3170,1
3171,2
3172,1
3173,2
3174,2
3175,1
3176,0
3177,1
3179,1
3180,0
3181,1
3182,3
3183,3
3184,2
3185,1
3186,3
3187,3
3188,2
3189,2
3190,3
3191,3
3192,3
3193,0
3194,2
3195,0
3196,1
3197,3
3198,3
3199,2
3200,0
3201,2
3202,1
3203,3
3204,2
3205,3
3206,3
3207,3
3208,0
3209,1
3210,3
3211,1
3212,3
3213,3
3214,1
3215,0
3216,0
3217,0
3218,0
3219,1
3220,0
3221,2
3222,3
3223,0
3224,0
3225,2
3226,1
3227,1
3228,3
3229,0
3230,1
3231,1
3232,3
3233,3
3234,1
3235,1
3236,0
3237,1
3238,0
3239,2
3240,0
3241,2
3242,0
3243,1
3244,3
3245,1
3246,1
3247,2
3248,1
3249,1
3250,1
3251,1
3252,2
3253,2
3254,1
3255,1
3256,0
3257,2
3258,0
3259,3
3260,1
3261,3
3262,1
3263,3
3264,3
3265,3
3266,3
3267,3
3268,2
3269,2
3270,0
3271,0
3272,2
3273,3
3274,1
3275,2
3276,3
3277,2
3278,1
3279,3
3280,0
3282,3
3283,1
3284,3
3285,0
3286,2
3287,1
3288,1
3289,3
3290,1
3291,1
3292,1
3293,1
3294,1
3295,2
3296,1
3297,3
3298,3
3299,0
3300,0
3301,0
3302,1
3303,1
3304,3
3305,1
3306,2
3307,2
3308,2
3309,3
3310,2
3311,2
3312,1
3313,3
3314,2
3315,3
3316,2
3317,1
3318,2
3319,1
3320,0
3321,3
3322,0
3323,3
3324,2
3325,1
3326,3
3327,1
3328,1
3329,3
3330,2
3331,1
3332,3
3333,0
3334,3
3335,1
3336,0
3337,2
3338,2
3339,1
3340,3
3341,3
3342,0
3343,0
3344,1
3345,3
3346,3
3347,0
3348,0
3349,2
3350,2
3351,1
3352,2
3353,1
3354,3
3355,1
3356,2
3357,1
3358,0
3359,2
3360,3
3361,0
3362,0
3363,0
3364,3
3365,3
3366,1
3367,0
3368,3
3369,1
3370,3
3371,3
3372,1
3373,2
3374,1
3375,2
3376,1
3377,0
3378,1
3379,2
3380,0
3381,2
3382,2
3383,3
3384,1
3385,3
3386,0
3387,1
3388,0
3389,2
3390,1
3391,3
3392,0
3393,0
3394,1
3395,3
3396,2
3397,2
3398,3
3399,1
3400,3
3401,1
3402,1
3403,3
3404,2
3405,1
3406,2
3407,1
3408,3
3409,3
3410,2
3411,0
3412,2
3413,1
3414,3
3415,1
3416,0
3417,1
3418,1
3419,0
3420,3
3421,0
3422,0
3423,0
3424,0
3425,2
3426,3
3427,0
3428,1
3429,2
3430,1
3431,0
3432,2
3433,3
3434,0
3435,1
3436,0
3437,2
3438,1
3439,3
3440,1
3441,1
3442,1
3443,2
3444,2
3445,3
3446,2
3447,3
3448,1
3449,3
3450,1
3451,1
3452,3
3453,2
3454,1
3455,1
3456,1
3457,0
3458,2
3459,2
3460,3
3461,3
3462,1
3463,1
3464,2
3465,1
3466,0
3467,1
3468,0
3469,1
3470,0
3471,0
3472,3
3473,3
3474,3
3475,3
3476,2
3477,1
3478,2
3479,2
3480,2
3481,1
3482,0
3483,3
3484,0
3485,1
3486,2
3487,2
3488,2
3489,0
3490,3
3491,3
3492,2
3493,0
3494,2
3495,1
3496,3
3497,3
3498,1
3499,2
3500,1
3501,0
3502,1
3503,0
3504,3
3505,2
3506,0
3507,0
3508,3
3509,1
3510,0
3511,3
3512,1
3513,3
3514,1
3515,1
3516,1
3517,2
3518,2
3519,0
3520,3
3521,3
3522,1
3523,0
3524,1
3525,1
3526,0
3527,3
3528,3
3529,0
3530,3
3531,1
3532,1
3533,2
3534,1
3535,1
3536,3
3537,1
3538,2
3539,2
3540,3
3541,1
3542,2
3543,1
3544,1
3545,0
3546,2
3547,0
3548,1
3549,3
3550,2
3551,0
3552,3
3553,1
3554,0
3555,1
3556,1
3557,1
3558,3
3559,1
3560,3
3561,1
3562,1
3563,1
3564,3
3565,3
3566,2
3567,1
3568,3
3569,3
3570,2
3571,2
3572,1
3573,0
3574,3
3575,2
3576,2
3577,0
3578,3
3579,2
3580,2
3581,3
3582,0
3583,2
3584,3
3585,2
3586,1
3587,0
3588,1
3589,0
3590,3
3591,3
3592,3
3593,3
3594,1
3595,3
3596,2
3597,1
3598,0
3599,1
3600,2
3601,2
3602,0
3603,2
3604,0
3605,1
3606,1
3607,1
3608,3
3609,2
3610,1
3611,3
3612,1
3613,0
3614,2
3615,2
3616,1
3617,2
3618,0
3619,2
3620,2
3621,3
3622,1
3623,1
3624,0
3625,1
3626,1
3627,2
3628,1
3629,1
3630,0
3631,1
3632,3
3633,3
3634,1
3635,0
3636,0
3637,0
3638,0
3639,2
3640,2
3641,1
3642,1
3643,1
3644,2
3645,1
3646,0
3647,0
3648,2
3649,1
3650,3
3651,0
3652,3
3653,3
3654,2
3655,0
3656,3
3657,3
3658,2
3659,0
3660,3
3661,2
3662,3
3663,2
3664,1
3665,0
3666,3
3667,1
3668,1
3669,3
3670,0
3671,2
3672,0
3673,2
3674,0
3675,0
3676,2
3677,2
3678,2
3679,0
3680,3
3681,1
3682,3
3683,2
3684,2
3686,3
3687,1
3688,1
3689,1
3690,0
3691,2
3692,0
3693,0
3694,3
3695,1
3696,1
3697,2
3698,1
3699,2
3700,0
3701,0
3702,3
3703,0
3704,1
3705,1
3706,3
3707,1
3708,3
3709,3
3710,1
3711,1
3712,1
3713,2
3714,3
3715,2
3716,2
3717,1
3718,0
3719,0
3720,2
3721,1
3722,0
3723,1
3724,2
3725,3
3726,2
3727,1
3728,3
3729,2
3730,0
3731,0
3732,2
3733,1
3734,3
3735,0
3736,3
3737,1
3738,1
3739,2
3740,2
3741,0
3742,1
3743,0
3744,0
3745,2
3746,0
3747,0
3748,1
3749,0
3750,1
3751,3
3752,3
3753,1
3754,1
3755,3
3756,0
3757,3
3758,0
3759,3
3760,2
3761,2
3762,1
3763,1
3764,2
3765,0
3766,3
3767,3
3768,2
3769,3
3770,3
3771,3
3772,0
3773,2
3774,1
3775,3
3776,2
3777,1
3778,2
3779,3
3780,1
3781,3
3782,1
3783,1
3784,3
3785,1
3786,0
3787,1
3788,2
3789,3
3790,0
3791,0
3792,0
3793,3
3794,2
3795,3
3796,1
3797,2
3798,0
3799,1
3800,2
3801,1
3802,0
3803,3
3804,3
3805,1
3806,1
3807,0
3808,3
3809,3
3810,3
3811,2
3812,3
3813,0
3814,1
3815,1
3816,0
3817,2
3818,2
3819,2
3820,1
3821,2
3822,2
3823,1
3824,3
3825,3
3826,1
3827,1
3828,0
3829,0
3830,2
3831,0
3832,2
3833,3
3834,0
3835,3
3836,1
3837,2
3838,0
3839,3
3840,1
3841,3
3842,3
3843,3
3844,3
3845,2
3846,0
3847,1
3848,0
3849,0
3850,1
3851,3
3852,0
3853,1
3854,3
3855,1
3856,0
3857,0
3858,3
3859,1
3860,3
3861,1
3862,0
3863,0
3864,1
3865,0
3866,1
3867,2
3868,3
3869,2
3870,0
3871,0
3872,1
3873,1
3874,3
3875,1
3876,1
3877,1
3878,0
3879,1
3880,3
3881,2
3882,2
3883,0
3884,0
3885,2
3886,1
3887,0
3888,3
3889,3
3890,3
3891,1
3892,1
3893,0
3894,1
3895,1
3896,2
3897,0
3898,2
3899,1
3900,2
3901,2
3902,0
3903,1
3904,3
3905,3
3906,1
3907,3
3908,2
3909,3
3910,3
3911,2
3912,2
3913,1
3914,1
3915,1
3916,1
3917,0
3918,3
3919,1
3920,3
3921,2
3922,1
3923,1
3924,1
3925,3
3926,3
3927,3
3928,3
3929,2
3930,1
3931,3
3932,0
3933,1
3934,2
3935,2
3936,1
3937,1
3938,2
3939,2
3940,2
3941,2
3942,0
3943,1
3944,3
3945,3
3946,1
3947,1
3948,3
3949,2
3950,3
3951,3
3952,2
3953,3
3954,1
3955,0
3956,0
3957,0
3958,2
3959,1
3960,1
3961,3
3962,2
3963,0
3964,1
3965,0
3966,0
3967,1
3968,2
3969,3
3970,0
3971,2
3972,1
3973,1
3974,2
3975,1
3976,3
3977,1
3978,1
3979,1
3980,2
3981,0
3982,2
3983,1
3984,1
3985,3
3986,2
3987,1
3988,0
3989,3
3990,3
3991,3
3992,1
3993,1
3994,1
3995,3
3996,0
3997,2
3998,2
3999,2
4000,1
4001,0
4002,0
4003,3
4004,0
4005,1
4006,2
4007,0
4008,0
4009,1
4010,3
4011,3
4012,1
4013,3
4014,0
4015,0
4016,2
4017,2
4018,0
4019,1
4020,2
4021,0
4022,3
4023,2
4024,3
4025,3
4026,2
4027,0
4028,2
4029,0
4030,3
4031,2
4032,1
4033,0
4034,1
4035,1
4036,1
4037,1
4038,2
4039,2
4040,1
4041,1
4042,3
4043,1
4044,1
4045,1
4046,1
4047,1
4048,2
4049,1
4050,1
4051,3
4052,1
4053,1
4054,1
4055,0
4056,1
4057,1
4058,3
4059,0
4060,2
4061,0
4062,2
4063,0
4064,3
4065,3
4066,3
4067,1
4068,1
4069,1
4070,0
4071,0
4072,2
4073,1
4074,0
4075,0
4076,3
4077,2
4078,0
4079,1
4080,2
4081,3
4082,0
4083,2
4084,1
4085,1
4086,3
4087,0
4088,1
4089,1
4090,3
4091,2
4092,3
4093,2
4094,3
4095,1
4096,0
4097,3
4098,3
4099,3
4100,0
4101,3
4102,3
4103,1
4104,1
4105,1
4106,2
4107,2
4108,3
4109,3
4110,1
4111,1
4112,0
4113,3
4114,1
4115,3
4116,3
4117,0
4118,2
4119,2
4120,0
4121,3
4122,2
4123,1
4124,0
4125,0
4126,1
4127,1
4128,2
4129,2
4130,0
4131,0
4132,3
4133,0
4134,1
4135,3
4136,1
4137,3
4138,0
4139,1
4140,2
4141,1
4142,1
4143,3
4144,3
4145,0
4146,2
4147,0
4148,0
4149,0
4150,2
4151,1
4152,3
4153,2
4154,0
4155,2
4156,1
4157,1
4158,2
4159,2
4160,3
4161,3
4162,3
4163,0
4164,0
4165,1
4166,1
4167,1
4168,1
4169,1
4170,0
4171,1
4172,2
4173,2
4174,2
4175,3
4176,3
4177,3
4178,2
4179,3
4180,3
4181,0
4182,1
4183,2
4184,0
4185,2
4186,0
4187,1
4188,2
4189,0
4190,3
4191,3
4192,2
4193,0
4194,3
4195,2
4196,0
4197,3
4198,0
4199,1
4200,2
4201,3
4202,2
4203,2
4204,0
4205,1
4206,1
4207,1
4208,2
4209,1
4210,2
4211,2
4212,0
4213,3
4214,1
4215,3
4216,0
4217,1
4218,1
4219,2
4220,3
4221,0
4222,2
4223,0
4224,2
4225,1
4226,2
4227,3
4228,2
4229,0
4230,1
4231,1
4232,2
4233,1
4234,0
4235,1
4236,1
4237,2
4238,3
4239,3
4240,1
4241,2
4242,1
4243,1
4244,2
4245,3
4246,2
4247,2
4248,1
4249,1
4250,3
4251,2
4252,1
4253,0
4254,1
4255,1
4256,1
4257,3
4258,2
4259,2
4260,2
4261,1
4262,0
4263,0
4264,3
4265,3
4266,0
4267,1
4268,1
4269,2
4270,1
4271,2
4272,1
4273,0
4274,1
4275,3
4276,3
4277,3
4278,0
4279,3
4280,2
4281,2
4282,3
4283,2
4284,1
4285,2
4286,2
4287,1
4288,0
4289,0
4290,2
4291,1
4292,2
4293,2
4294,2
4295,1
4296,3
4297,1
4298,3
4299,2
4300,2
4301,1
4302,0
4303,1
4304,1
4305,1
4306,3
4307,0
4308,2
4309,3
4310,1
4311,1
4312,2
4313,0
4314,2
4315,3
4316,3
4317,2
4318,0
4319,3
4320,3
4321,3
4322,3
4323,3
4324,0
4325,0
4326,3
4327,3
4328,2
4329,1
4330,2
4331,3
4332,2
4333,2
4334,3
4335,0
4336,0
4337,0
4338,0
4339,0
4340,3
4341,3
4342,2
4343,3
4344,1
4345,3
4346,1
4347,0
4348,0
4349,0
4350,2
4351,1
4352,3
4353,1
4354,2
4355,3
4356,3
4357,2
4358,1
4359,3
4360,0
4361,3
4362,1
4363,0
4364,2
4365,3
4366,0
4367,1
4368,1
4369,3
4370,1
4371,2
4372,1
4373,0
4374,3
4375,3
4376,1
4377,3
4378,1
4379,1
4380,1
4381,1
4382,1
4383,0
4384,3
4385,2
4386,0
4387,0
4388,3
4389,3
4390,3
4391,2
4392,0
4393,3
4394,2
4395,2
4396,1
4397,1
4398,2
4399,1
4400,3
4401,3
4402,1
4403,2
4404,1
4405,1
4406,3
4407,0
4408,2
4409,0
4410,3
4411,3
4412,2
4413,1
4414,1
4415,1
4416,0
4417,1
4418,2
4419,1
4420,2
4421,1
4422,1
4423,2
4424,2
4425,3
4426,1
4427,1
4428,0
4429,2
4430,2
4431,1
4432,1
4433,0
4434,2
4435,1
4436,2
4437,0
4438,0
4439,2
4440,2
4441,1
4442,1
4443,3
4444,3
4445,3
4446,1
4447,2
4448,2
4449,1
4450,3
4451,2
4452,1
4453,0
4454,3
4455,3
4456,1
4457,2
4458,2
4459,1
4460,3
4461,1
4462,3
4463,1
4464,1
4465,1
4466,0
4467,2
4468,3
4469,1
4470,3
4471,3
4472,1
4473,3
4474,2
4475,3
4476,3
4477,3
4478,2
4479,1
4480,2
4481,1
4482,1
4483,3
4484,2
4485,0
4486,2
4487,3
4488,3
4489,1
4490,0
4491,2
4492,0
4493,2
4494,1
4495,0
4496,1
4497,0
4498,0
4499,2
4500,1
4501,3
4502,3
4503,1
4504,1
4505,1
4506,2
4507,2
4508,1
4509,2
4510,3
4511,0
4512,3
4513,3
4514,3
4515,3
4516,0
4517,1
4518,0
4519,2
4520,0
4521,3
4522,1
4523,3
4524,3
4525,3
4526,0
4527,2
4528,0
4529,2
4530,0
4531,3
4532,1
4533,2
4534,1
4535,3
4536,2
4537,1
4538,3
4539,3
4540,0
4541,3
4542,0
4543,2
4544,0
4545,3
4546,1
4547,2
4548,3
4549,2
4550,2
4551,1
4552,2
4553,0
4554,3
4555,1
4556,1
4557,1
4558,1
4559,2
4560,2
4561,2
4562,1
4563,1
4564,2
4565,3
4566,1
4567,3
4568,1
4569,0
4570,2
4571,0
4572,1
4573,1
4574,3
4575,2
4576,0
4577,0
4578,1
4579,3
4580,2
4581,1
4582,2
4583,1
4584,2
4585,3
4586,2
4587,0
4588,1
4589,0
4590,1
4591,2
4592,3
4593,0
4594,2
4595,0
4596,0
4597,1
4598,3
4599,1
4600,2
4601,1
4602,2
4603,0
4604,3
4605,1
4606,3
4607,0
4608,3
4609,3
4610,2
4611,3
4612,3
4613,1
4614,1
4615,1
4616,1
4617,3
4618,2
4619,0
4620,1
4621,2
4622,2
4623,1
4624,1
4625,1
4626,2
4627,3
4628,3
4629,3
4630,1
4631,3
4632,2
4633,1
4634,1
4635,1
4636,2
4637,0
4638,2
4639,3
4640,2
4641,2
4642,2
4643,3
4644,1
4645,0
4646,0
4647,1
4648,0
4649,1
4650,0
4651,0
4652,1
4653,2
4654,3
4655,1
4656,2
4657,2
4658,1
4659,2
4660,3
4661,3
4662,0
4663,0
4664,3
4665,1
4666,2
4667,1
4668,3
4669,3
4670,2
4671,2
4672,3
4673,1
4674,1
4675,0
4676,1
4677,3
4678,2
4679,0
4680,2
4681,1
4682,0
4683,3
4684,0
4685,1
4686,1
4687,3
4688,1
4689,3
4690,0
4691,1
4692,0
4693,0
4694,3
4695,0
4696,2
4697,2
4698,0
4699,1
4700,3
4701,1
4702,0
4703,3
4704,2
4705,1
4706,3
4707,0
4708,0
4709,0
4710,1
4711,1
4712,1
4713,1
4714,3
4715,3
4716,1
4717,2
4718,0
4719,1
4720,2
4721,2
4722,1
4723,1
4724,2
4725,0
4726,0
4727,3
4728,1
4730,3
4731,1
4732,1
4733,0
4734,3
4735,2
4736,1
4737,3
4738,2
4739,3
4740,3
4741,3
4742,1
4743,2
4744,2
4745,0
4746,0
4747,1
4748,0
4749,1
4750,1
4751,2
4752,2
4753,1
4754,2
4755,0
4756,2
4757,0
4758,0
4759,1
4760,2
4761,0
4762,2
4763,1
4764,2
4765,0
4766,1
4767,1
4768,2
4769,2
4770,1
4771,1
4772,1
4773,3
4774,2
4775,3
4776,1
4777,1
4778,0
4779,3
4780,2
4781,0
4782,0
4783,3
4784,2
4785,3
4786,1
4787,3
4788,1
4789,1
4790,3
4791,3
4792,2
4793,0
4794,0
4795,1
4796,1
4797,2
4798,1
4799,3
4800,3
4801,2
4802,2
4803,3
4804,1
4805,3
4806,2
4807,0
4808,3
4809,3
4810,0
4811,2
4812,1
4813,2
4814,2
4815,0
4816,0
4817,1
4818,2
4819,3
4820,1
4821,3
4822,2
4823,2
4824,1
4825,0
4826,1
4827,1
4828,1
4829,0
4830,2
4831,0
4832,3
4833,2
4834,2
4835,0
4836,2
4837,2
4838,3
4839,1
4840,1
4841,3
4842,3
4843,2
4844,1
4845,1
4846,2
4847,3
4848,2
4849,1
4850,1
4851,3
4852,3
4853,0
4854,1
4855,0
4856,3
4857,1
4858,2
4859,1
4860,0
4861,2
4862,3
4863,1
4864,3
4865,0
4866,3
4867,1
4868,1
4869,1
4870,3
4871,3
4872,0
4873,0
4874,2
4875,1
4876,0
4877,2
4878,2
4879,3
4880,3
4881,3
4882,3
4883,2
4884,3
4885,3
4886,0
4887,2
4888,1
4889,0
4890,3
4891,1
4892,2
4893,2
4894,1
4895,3
4896,0
4897,1
4898,1
4899,2
4900,1
4901,2
4902,1
4903,3
4904,0
4905,1
4906,1
4907,1
4908,1
4909,1
4910,2
4911,0
4912,1
4913,0
4914,0
4915,1
4916,2
4917,1
4918,1
4919,1
4920,1
4921,3
4922,3
4923,1
4924,0
4925,0
4926,0
4927,0
4928,2
4929,0
4930,2
4931,2
4932,0
4933,0
4934,1
4935,1
4936,3
4937,3
4938,0
4939,3
4940,1
4941,3
4942,0
4943,2
4944,0
4945,3
4946,0
4947,2
4948,2
4949,1
4950,0
4951,1
4952,1
4953,1
4954,1
4955,2
4956,2
4957,2
4958,0
4959,3
4960,0
4961,3
4962,3
4963,0
4964,2
4965,2
4966,2
4967,0
4968,1
4969,2
4970,1
4971,2
4972,1
4973,1
4974,3
4975,3
4976,1
4977,0
4978,3
4979,1
4980,0
4981,0
4982,1
4983,3
4984,3
4985,2
4986,2
4987,1
4988,0
4989,1
4990,0
4991,2
4992,3
4993,3
4994,1
4995,1
4996,0
4997,3
4998,0
4999,3
5000,0
5001,0
5002,1
5003,0
5004,3
5005,2
5006,2
5007,2
5008,1
5009,2
5010,3
5011,1
5012,1
5013,3
5014,0
5015,1
5016,1
5017,0
5018,2
5019,3
5020,0
5021,2
5022,3
5023,2
5024,1
5025,3
5026,0
5027,1
5028,2
5029,2
5030,0
5031,3
5032,2
5033,0
5034,2
5035,0
5036,1
5037,0
5038,1
5039,3
5040,2
5041,0
5042,3
5043,1
5044,3
5045,0
5046,0
5047,1
5048,1
5049,0
5050,1
5051,2
5052,3
5053,3
5054,0
5055,3
5056,3
5057,0
5058,1
5059,3
5060,1
5061,2
5062,0
5063,3
5064,0
5065,3
5066,0
5067,3
5068,2
5069,0
5070,3
5071,1
5072,2
5073,3
5074,3
5075,0
5076,0
5077,0
5078,0
5079,2
5080,0
5081,2
5082,0
5083,1
5084,1
5085,1
5086,1
5087,1
5088,0
5089,1
5090,1
5091,0
5092,1
5093,0
5094,3
5095,2
5096,1
5097,2
5098,0
5099,3
5100,0
5101,0
5102,2
5103,0
5104,1
5105,2
5106,3
5107,3
5108,3
5109,1
5110,3
5111,2
5112,2
5113,0
5114,1
5115,3
5116,0
5117,3
5118,3
5119,2
5120,1
5121,3
5122,2
5123,1
5124,3
5125,3
5126,0
5127,0
5128,0
5129,3
5130,0
5131,1
5132,1
5133,1
5134,2
5135,3
5136,1
5137,3
5138,2
5139,1
5140,1
5141,0
5142,2
5143,2
5144,2
5145,3
5146,2
5147,0
5148,1
5149,1
5150,2
5151,2
5152,0
5153,2
5154,3
5155,0
5156,0
5157,0
5158,2
5159,2
5160,0
5161,0
5162,0
5163,0
5164,3
5165,1
5166,1
5167,2
5168,1
5169,1
5170,1
5171,3
5172,2
5173,0
5174,2
5175,3
5176,1
5177,2
5178,0
5179,2
5180,2
5181,3
5182,0
5183,0
5184,2
5185,0
5186,1
5187,1
5188,3
5189,0
5190,0
5191,3
5192,3
5193,3
5194,3
5195,3
5196,1
5197,2
5198,1
5199,1
5200,2
5201,2
5202,0
5203,3
5204,3
5205,2
5206,3
5207,0
5208,1
5209,3
5210,3
5211,0
5212,3
5213,0
5214,2
5215,3
5216,2
5217,0
5218,3
5219,2
5220,1
5221,0
5222,1
5223,0
5224,1
5225,1
5226,1
5227,1
5228,0
5229,3
5230,2
5231,2
5232,3
5233,2
5234,2
5235,3
5236,2
5237,3
5238,3
5239,1
5240,1
5241,1
5242,2
5243,2
5244,1
5245,3
5246,3
5247,0
5248,3
5249,0
5250,3
5251,1
5252,3
5253,3
5254,3
5255,3
5256,0
5257,1
5258,1
5259,3
5260,2
5261,1
5262,0
5263,1
5264,2
5265,3
5266,0
5267,3
5268,2
5269,0
5270,1
5271,2
5272,3
5273,3
5274,1
5275,1
5276,1
5277,2
5278,1
5279,2
5280,1
5281,1
5282,2
5283,2
5284,1
5285,1
5286,3
5287,1
5288,1
5289,0
5290,1
5291,2
5292,2
5293,3
5294,1
5295,2
5296,2
5297,0
5298,1
5299,1
5300,3
5301,3
5302,0
5303,1
5304,3
5305,0
5306,1
5307,3
5308,3
5309,0
5310,2
5311,2
5312,0
5313,2
5314,0
5315,0
5316,0
5317,1
5318,2
5319,1
5320,1
5321,1
5322,2
5323,3
5324,2
5325,2
5326,2
5327,0
5328,3
5329,3
5330,0
5331,1
5332,1
5333,2
5334,1
5335,3
5336,3
5337,3
5338,0
5339,0
5340,1
5341,0
5342,2
5343,3
5344,1
5345,0
5346,0
5347,3
5348,0
5349,0
5350,2
5351,0
5352,3
5353,0
5354,1
5355,3
5356,1
5357,1
5358,2
5359,2
5360,0
5361,3
5362,1
5363,1
5364,1
5365,2
5366,2
5367,1
5368,1
5369,2
5370,2
5371,2
5372,3
5373,0
5374,3
5375,2
5376,0
5377,1
5378,1
5379,3
5380,3
5381,1
5382,0
5383,3
5384,1
5385,2
5386,1
5387,2
5388,1
5389,0
5390,1
5391,0
5392,1
5393,3
5394,2
5395,0
5396,3
5397,1
5398,0
5399,2
5400,0
5401,2
5402,3
5403,1
5404,1
5405,2
5406,2
5407,0
5408,2
5409,2
5410,0
5411,3
5412,0
5413,0
5414,2
5415,1
5416,2
5417,1
5418,3
5419,2
5420,3
5421,0
5422,2
5423,0
5424,2
5425,2
5426,1
5427,0
5428,2
5429,0
5430,1
5431,0
5432,2
5433,1
5434,1
5435,2
5436,3
5437,3
5439,1
5440,3
5441,0
5442,0
5443,1
5444,0
5445,0
5446,3
5447,0
5448,3
5449,0
5450,2
5451,2
5452,3
5453,3
5454,0
5455,1
5456,1
5457,1
5458,2
5459,2
5460,1
5461,2
5462,1
5463,3
5464,3
5465,0
5466,0
5467,2
5468,1
5469,3
5470,1
5471,2
5472,0
5473,1
5474,1
5475,2
5476,2
5477,2
5478,3
5479,1
5480,3
5481,1
5482,3
5483,2
5484,3
5485,2
5486,3
5487,2
5488,0
5489,1
5490,1
5491,0
5492,0
5493,3
5494,3
5495,2
5496,3
5497,3
5498,0
5499,2
5500,0
5501,3
5502,1
5503,2
5504,0
5505,3
5506,3
5507,0
5508,0
5509,1
5510,0
5511,0
5512,1
5513,1
5514,3
5515,2
5516,0
5517,3
5518,1
5519,3
5520,3
5521,3
5522,1
5523,3
5524,1
5525,1
5526,2
5527,3
5528,2
5529,3
5530,0
5531,3
5532,1
5533,1
5534,2
5535,1
5536,2
5537,1
5538,3
5539,2
5540,3
5541,1
5542,0
5543,3
5544,0
5545,2
5546,2
5547,0
5548,1
5549,0
5550,3
5551,2
5552,3
5553,0
5554,1
5555,0
5556,0
5557,2
5558,3
5559,1
5560,3
5561,2
5562,1
5563,1
5564,0
5565,3
5566,1
5567,3
5568,2
5569,1
5570,2
5571,0
5572,3
5573,0
5574,2
5575,2
5576,2
5577,3
5578,3
5579,2
5580,1
5581,0
5582,3
5583,1
5584,3
5585,2
5586,0
5587,0
5588,3
5589,2
5590,2
5591,3
5592,3
5593,1
5594,1
5595,3
5596,1
5597,3
5598,1
5599,3
5600,1
5601,3
5602,2
5603,3
5604,2
5605,2
5606,2
5607,0
5608,3
5609,0
5610,2
5611,0
5612,1
5613,0
5614,1
5615,3
5616,1
5617,0
5618,2
5619,1
5620,0
5621,2
5622,1
5623,3
5624,0
5625,1
5626,0
5627,1
5628,3
5629,1
5630,1
5631,3
5632,2
5633,1
5634,3
5635,0
5636,0
5637,1
5638,2
5639,2
5640,2
5641,1
5642,1
5643,1
5644,0
5645,1
5646,0
5647,1
5648,2
5649,1
5650,2
5651,0
5652,1
5653,3
5654,1
5655,2
5656,0
5657,1
5658,0
5659,3
5660,1
5661,2
5662,2
5663,2
5664,0
5665,3
5666,3
5667,0
5668,0
5669,2
5670,2
5671,1
5672,1
5673,1
5674,2
5675,3
5676,1
5677,1
5678,0
5679,0
5680,2
5681,0
5682,1
5683,3
5684,2
5685,1
5686,1
5687,2
5688,2
5689,2
5690,1
5691,3
5692,2
5693,1
5694,1
5695,0
5696,2
5697,1
5698,2
5699,3
5700,3
5701,0
5702,0
5703,0
5704,1
5705,0
5706,2
5707,2
5708,2
5709,0
5710,0
5711,0
5712,1
5713,1
5714,3
5715,0
5716,0
5717,1
5718,0
5719,0
5720,1
5721,1
5722,2
5723,0
5724,3
5725,0
5726,1
5727,2
5728,2
5729,3
5730,3
5731,3
5732,1
5733,0
5734,3
5735,3
5736,2
5737,2
5738,0
5739,3
5740,3
5741,3
5742,2
5743,2
5744,3
5745,1
5746,2
5747,0
5748,2
5749,2
5750,0
5751,2
5752,2
5753,3
5754,1
5755,2
5756,1
5757,1
5758,1
5759,1
5760,3
5761,1
5762,3
5763,1
5764,3
5765,3
5766,1
5767,1
5768,3
5769,1
5770,3
5771,2
5772,3
5773,1
5774,0
5775,2
5776,1
5777,0
5778,0
5779,1
5780,1
5781,3
5782,1
5783,1
5784,3
5785,0
5786,0
5787,3
5788,2
5789,1
5790,3
5791,2
5792,2
5793,0
5794,2
5795,1
5796,1
5797,3
5798,3
5799,3
5800,3
5801,1
5802,0
5803,3
5804,3
5805,1
5806,0
5807,1
5808,1
5809,2
5810,2
5811,3
5812,3
5813,1
5814,1
5815,1
5816,0
5817,0
5818,2
5819,3
5820,1
5821,0
5822,3
5823,1
5824,1
5825,1
5826,1
5827,3
5828,3
5829,1
5830,1
5831,2
5832,1
5833,1
5834,2
5835,3
5836,1
5837,1
5838,3
5839,1
5840,1
5841,1
5842,1
5843,3
5844,1
5845,1
5846,3
5847,2
5848,1
5849,0
5850,1
5851,1
5852,1
5853,2
5854,0
5855,1
5856,0
5857,2
5858,0
5859,3
5860,3
5861,2
5862,0
5863,2
5864,0
5865,0
5866,0
5867,2
5868,2
5869,0
5870,2
5871,1
5872,2
5873,0
5874,2
5875,0
5876,1
5877,0
5878,3
5879,3
5880,3
5881,1
5882,3
5883,2
5884,3
5885,3
5886,2
5887,0
5888,2
5889,1
5890,3
5891,3
5892,3
5893,1
5894,2
5895,1
5896,0
5897,0
5898,2
5899,2
5900,1
5901,3
5902,1
5903,2
5904,3
5905,2
5906,1
5907,2
5908,0
5909,3
5910,3
5911,0
5912,1
5913,2
5914,0
5915,1
5916,1
5917,3
5918,1
5919,0
5920,2
5921,3
5922,2
5923,1
5924,1
5925,3
5926,0
5927,1
5928,2
5929,3
5930,0
5931,3
5932,3
5933,3
5934,1
5935,2
5936,2
5937,0
5938,0
5939,3
5940,0
5941,3
5942,1
5943,3
5944,1
5945,1
5946,3
5947,1
5948,2
5949,0
5950,0
5951,3
5952,2
5953,1
5954,3
5955,2
5956,2
5957,0
5958,2
5959,2
5960,2
5961,2
5962,0
5963,2
5964,1
5965,0
5966,0
5967,1
5968,3
5969,3
5970,1
5971,1
5972,3
5973,0
5974,1
5975,3
5976,2
5977,2
5978,0
5979,2
5980,1
5981,1
5982,2
5983,0
5984,3
5985,1
5986,1
5987,3
5988,2
5989,2
5990,2
5991,3
5992,1
5993,3
5994,3
5995,3
5996,0
5997,2
5998,2
5999,1
6000,3
6001,3
6002,2
6003,2
6004,1
6005,3
6006,3
6007,0
6008,1
6009,2
6010,1
6011,1
6012,2
6013,3
6014,1
6015,3
6016,1
6017,1
6018,3
6019,0
6020,1
6021,0
6022,1
6023,1
6024,1
6025,2
6026,0
6027,0
6028,3
6029,3
6030,2
6031,0
6032,2
6033,1
6034,2
6035,1
6036,0
6037,3
6038,1
6039,2
6040,1
6041,3
6042,2
6043,3
6044,2
6045,1
6046,3
6047,1
6048,0
6049,0
6050,1
6051,2
6052,2
6053,2
6054,3
6055,2
6056,0
6057,3
6058,1
6059,3
6060,0
6061,1
6062,0
6063,1
6064,2
6065,1
6066,0
6067,1
6068,1
6069,2
6070,2
6071,1
6072,1
6073,1
6074,3
6075,3
6076,3
6077,3
6078,3
6079,1
6080,2
6081,3
6082,2
6083,2
6084,3
6085,1
6086,2
6087,1
6088,2
6089,1
6090,0
6091,3
6092,1
6093,2
6094,2
6095,3
6096,3
6097,1
6098,3
6099,1
6100,2
6101,1
6102,0
6103,1
6104,2
6105,2
6106,0
6107,1
6108,3
6109,0
6110,3
6111,3
6112,0
6113,1
6114,3
6115,1
6116,0
6117,3
6118,3
6119,3
6120,3
6121,3
6122,0
6123,0
6124,2
6125,1
6126,3
6127,1
6128,0
6129,1
6130,1
6131,1
6132,3
6133,2
6134,0
6135,0
6136,1
6137,2
6138,3
6139,0
6140,0
6141,1
6142,3
6143,2
6144,1
6145,3
6146,2
6147,1
6148,3
6149,1
6150,0
6151,3
6152,1
6153,1
6154,2
6155,0
6156,2
6157,1
6158,3
6159,3
6160,3
6161,1
6162,1
6163,0
6164,3
6165,0
6166,0
6167,2
6168,1
6169,0
6170,3
6171,1
6172,2
6173,1
6174,2
6175,1
6176,1
6177,0
6178,2
6179,0
6180,0
6181,0
6182,3
6183,0
6184,0
6185,2
6186,2
6187,0
6188,0
6189,3
6190,3
6191,0
6192,0
6193,2
6194,1
6195,3
6196,2
6197,2
6198,0
6199,0
6200,1
6201,1
6202,1
6203,0
6204,1
6205,1
6206,3
6207,2
6208,1
6209,1
6210,2
6211,1
6212,2
6213,2
6214,2
6215,3
6216,1
6217,2
6218,3
6219,3
6220,1
6221,3
6222,0
6223,0
6224,0
6225,1
6226,0
6227,2
6228,0
6229,3
6230,0
6231,1
6232,1
6233,0
6234,1
6235,2
6236,3
6237,2
6238,2
6239,1
6240,1
6241,0
6242,1
6243,0
6244,0
6245,1
6246,1
6247,2
6248,1
6249,2
6250,0
6251,3
6252,2
6253,1
6254,1
6255,1
6256,0
6257,2
6258,3
6259,3
6260,0
6261,1
6262,0
6263,3
6264,2
6265,2
6266,2
6267,1
6268,3
6269,0
6270,1
6271,2
6272,1
6273,0
6274,1
6275,3
6276,0
6277,1
6278,2
6279,3
6280,2
6281,2
6282,0
6283,3
6284,1
6285,1
6286,1
6287,1
6288,1
6289,3
6290,3
6291,0
6292,1
6293,1
6294,1
6295,3
6296,2
6297,2
6298,1
6299,0
6300,2
6301,0
6302,2
6303,3
6304,1
6305,3
6306,0
6307,1
6308,3
6309,1
6310,1
6311,1
6312,3
6313,1
6314,0
6315,1
6316,2
6317,2
6318,0
6319,2
6320,2
6321,0
6322,1
6323,1
6324,1
6325,2
6326,2
6327,0
6328,0
6329,3
6330,2
6331,0
6332,1
6333,3
6334,1
6335,1
6336,0
6337,3
6338,3
6339,2
6340,0
6341,1
6342,1
6343,1
6344,1
6345,2
6346,2
6347,3
6348,0
6349,1
6350,2
6351,3
6352,0
6353,2
6354,3
6355,0
6356,2
6357,1
6358,2
6359,1
6360,3
6361,2
6362,1
6363,1
6364,0
6365,3
6366,0
6367,2
6368,3
6369,2
6370,2
6371,2
6372,1
6373,1
6374,0
6375,1
6376,3
6377,3
6378,0
6379,2
6380,2
6381,0
6382,2
6383,2
6384,2
6385,2
6386,3
6387,1
6388,1
6389,0
6390,2
6391,2
6392,2
6393,2
6394,1
6395,0
6396,0
6397,0
6398,3
6399,1
6400,2
6401,1
6402,1
6403,1
6404,1
6405,0
6406,2
6407,1
6408,1
6409,2
6410,2
6411,2
6412,1
6413,2
6414,0
6415,2
6416,2
6417,0
6418,3
6419,3
6420,1
6421,3
6422,3
6423,0
6424,0
6425,3
6426,0
6427,1
6428,0
6429,0
6430,2
6431,3
6432,3
6433,1
6434,0
6435,2
6436,1
6437,1
6438,3
6439,1
6440,1
6441,3
6442,2
6443,3
6444,2
6445,0
6446,1
6447,3
6448,0
6449,1
6450,2
6451,1
6452,2
6453,2
6454,2
6455,0
6456,1
6457,3
6458,1
6459,2
6460,1
6461,1
6462,3
6463,1
6464,3
6465,3
6466,1
6467,2
6468,1
6469,3
6470,3
6471,0
6473,1
6474,1
6475,0
6476,0
6477,3
6478,2
6479,3
6480,0
6481,1
6482,1
6483,3
6484,0
6485,1
6486,3
6487,2
6488,3
6489,0
6490,2
6491,0
6492,3
6493,1
6494,2
6495,0
6496,0
6497,1
6498,3
6499,0
6500,2
6501,3
6502,2
6503,1
6504,1
6505,2
6506,3
6507,3
6508,0
6509,3
6510,0
6511,3
6512,0
6513,3
6514,1
6515,2
6516,3
6517,1
6518,1
6519,0
6520,0
6521,2
6522,1
6523,3
6524,1
6525,0
6526,0
6527,0
6528,0
6529,1
6530,1
6531,3
6532,3
6533,1
6534,0
6535,2
6536,0
6537,2
6538,0
6539,3
6540,3
6541,3
6542,0
6543,2
6544,2
6545,2
6546,1
6547,2
6548,3
6549,2
6550,1
6551,3
6552,2
6553,2
6554,0
6555,3
6556,2
6557,3
6558,1
6559,1
6560,2
6561,0
6562,3
6563,2
6564,1
6565,2
6566,3
6567,0
6568,0
6569,1
6570,1
6571,2
6572,3
6573,2
6574,1
6575,3
6576,2
6577,1
6578,0
6579,1
6580,1
6581,0
6582,1
6583,0
6584,3
6585,3
6586,3
6587,3
6588,1
6589,3
6590,0
6591,0
6592,1
6593,0
6594,2
6595,2
6596,0
6597,1
6598,1
6599,0
6600,0
6601,1
6602,3
6603,2
6604,1
6605,2
6606,0
6607,1
6608,2
6609,1
6610,2
6611,1
6612,1
6613,1
6614,0
6615,3
6616,0
6617,2
6618,0
6619,0
6620,2
6621,1
6622,3
6623,1
6624,2
6625,1
6626,3
6627,3
6628,2
6629,1
6630,1
6631,3
6632,1
6633,2
6634,0
6635,1
6636,3
6637,1
6638,2
6639,2
6640,3
6641,3
6642,0
6643,0
6644,1
6645,0
6646,1
6647,2
6648,0
6649,2
6650,1
6651,3
6652,1
6653,2
6654,1
6655,1
6656,2
6657,3
6658,0
6659,1
6660,2
6661,1
6662,2
6663,0
6664,0
6665,1
6666,0
6667,3
6668,1
6669,2
6670,3
6671,1
6672,1
6673,3
6674,0
6675,3
6676,3
6677,2
6678,3
6679,0
6680,0
6681,2
6682,3
6683,0
6684,0
6685,1
6686,3
6687,3
6688,1
6689,3
6690,1
6691,0
6692,3
6693,2
6694,0
6695,0
6696,2
6697,2
6698,3
6699,1
6700,2
6701,2
6702,1
6703,3
6704,1
6705,1
6706,2
6707,2
6708,1
6709,0
6710,3
6711,0
6712,1
6713,3
6714,1
6715,1
6716,2
6717,0
6718,3
6719,2
6720,3
6721,0
6722,0
6723,1
6724,3
6725,2
6726,2
6727,0
6728,1
6729,3
6730,3
6731,1
6732,1
6733,3
6734,1
6735,0
6736,2
6737,1
6738,0
6739,3
6740,0
6741,0
6742,2
6743,2
6744,3
6745,1
6746,1
6747,0
6748,0
6749,2
6750,0
6751,1
6752,1
6753,2
6754,1
6755,2
6756,3
6757,2
6758,1
6759,0
6760,2
6761,0
6762,2
6763,1
6764,0
6765,3
6766,2
6767,3
6768,1
6769,3
6770,0
6771,1
6772,2
6773,1
6774,0
6775,0
6776,3
6777,2
6778,3
6779,1
6780,1
6781,3
6782,0
6783,0
6784,3
6785,2
6786,1
6787,1
6788,3
6789,0
6790,1
6791,3
6792,0
6793,2
6794,2
6795,3
6796,0
6797,3
6798,3
6799,2
6800,0
6801,3
6802,0
6803,3
6804,1
6805,2
6806,1
6807,0
6808,1
6809,3
6810,2
6811,0
6812,0
6813,3
6814,1
6815,3
6816,2
6817,2
6818,2
6819,0
6820,2
6821,2
6822,0
6823,3
6824,2
6825,3
6826,3
6827,1
6828,0
6829,3
6830,2
6831,3
6832,2
6833,3
6834,2
6835,3
6836,3
6837,0
6838,3
6839,1
6840,0
6841,2
6842,2
6843,0
6844,1
6845,3
6846,2
6847,2
6848,2
6849,1
6850,2
6851,0
6852,0
6853,0
6854,3
6855,2
6856,3
6857,1
6858,1
6859,2
6860,0
6861,3
6862,1
6863,0
6865,3
6866,0
6867,2
6868,3
6869,2
6870,0
6871,1
6872,1
6873,1
6874,3
6875,0
6876,2
6877,0
6878,3
6879,2
6880,2
6881,2
6882,2
6883,3
6884,1
6885,3
6886,3
6887,3
6888,0
6889,3
6890,0
6891,1
6892,3
6893,3
6894,2
6895,0
6896,2
6897,1
6898,3
6899,1
6900,1
6901,0
6902,1
6903,0
6904,2
6905,0
6906,1
6907,0
6908,0
6909,0
6910,3
6911,3
6912,3
6913,2
6914,3
6915,0
6916,1
6917,2
6918,2
6919,2
6920,1
6921,2
6922,1
6923,3
6924,2
6925,1
6926,2
6927,3
6928,2
6929,3
6930,3
6931,0
6932,2
6933,1
6934,3
6935,0
6936,2
6937,1
6938,3
6939,3
6940,1
6941,0
6942,3
6943,0
6944,1
6945,1
6946,3
6947,0
6948,1
6949,1
6950,2
6951,1
6952,3
6953,0
6954,1
6955,2
6956,1
6957,3
6958,2
6959,0
6960,2
6961,3
6962,1
6963,3
6964,3
6965,1
6966,2
6967,0
6968,2
6969,2
6970,1
6971,2
6972,3
6973,1
6974,3
6975,3
6976,2
6977,1
6978,2
6979,0
6980,1
6981,2
6982,0
6983,3
6984,1
6985,1
6986,2
6987,3
6988,2
6989,2
6990,0
6991,2
6992,1
6993,0
6994,2
6995,1
6996,1
6997,3
6998,1
6999,1
7000,2
7001,1
7002,0
7003,2
7004,1
7005,0
7006,1
7007,2
7008,3
7009,1
7010,1
7011,3
7012,1
7013,2
7014,3
7015,2
7016,3
7017,1
7018,2
7019,1
7020,0
7021,0
7022,1
7023,3
7024,0
7025,2
7026,1
7027,2
7028,1
7029,1
7030,3
7031,0
7032,2
7033,3
7034,3
7035,3
7036,1
7037,1
7038,3
7039,2
7040,2
7041,0
7042,2
7043,0
7044,0
7045,0
7046,1
7047,2
7048,2
7049,0
7050,3
7051,3
7052,2
7053,2
7054,1
7055,0
7056,1
7057,1
7058,0
7059,1
7060,2
7061,2
7062,1
7063,2
7064,1
7065,2
7066,0
7067,3
7068,1
7069,2
7070,0
7071,1
7072,2
7073,0
7074,2
7075,3
7076,1
7077,2
7078,0
7079,2
7080,1
7081,2
7082,2
7083,0
7084,1
7085,3
7086,2
7087,1
7088,1
7089,0
7090,3
7091,3
7092,2
7093,2
7094,0
7095,2
7096,2
7097,0
7098,2
7099,2
7100,0
7101,2
7102,3
7103,2
7104,1
7105,3
7106,2
7107,0
7108,3
7109,0
7110,1
7111,0
7112,0
7113,0
7114,0
7115,2
7116,1
7117,1
7118,1
7119,0
7120,1
7121,0
7122,0
7123,3
7124,1
7125,3
7126,2
7127,1
7128,0
7129,2
7130,0
7131,0
7132,0
7133,0
7134,0
7135,1
7136,3
7137,1
7138,0
7139,3
7140,1
7141,2
7142,2
7143,3
7144,1
7145,2
7146,1
7147,0
7148,3
7149,1
7150,2
7151,0
7152,3
7153,0
7154,1
7155,0
7156,3
7157,2
7158,1
7159,0
7160,1
7161,0
7162,3
7163,2
7164,1
7165,2
7166,1
7167,0
7168,0
7169,2
7170,1
7171,3
7172,0
7173,3
7174,0
7175,1
7176,2
7177,0
7178,1
7179,1
7180,1
7181,2
7182,1
7183,3
7184,3
7185,3
7186,3
7187,1
7188,0
7189,2
7190,3
7191,2
7192,1
7193,1
7194,0
7195,2
7197,1
7198,0
7199,3
7200,3
7201,2
7202,1
7203,0
7204,2
7205,1
7206,0
7207,3
7208,2
7209,3
7210,3
7211,1
7212,3
7213,0
7214,0
7215,1
7216,0
7217,3
7218,2
7219,2
7220,0
7221,2
7222,3
7223,0
7224,2
7225,1
7226,2
7227,0
7228,0
7229,0
7230,0
7231,3
7232,3
7233,0
7234,2
7235,3
7236,3
7237,1
7238,1
7239,3
7240,3
7241,1
7242,1
7243,3
7244,1
7245,3
7246,1
7247,0
7248,1
7249,0
7250,1
7251,1
7252,0
7253,2
7254,3
7255,0
7256,0
7257,2
7258,0
7259,2
7260,1
7261,1
7262,1
7263,1
7264,0
7265,1
7266,3
7267,2
7268,2
7269,0
7270,1
7271,0
7272,3
7273,0
7274,3
7275,1
7276,3
7277,0
7278,1
7279,3
7280,3
7281,2
7282,1
7283,2
7284,3
7285,0
7286,3
7287,1
7288,1
7289,3
7290,1
7291,3
7292,3
7293,0
7294,3
7295,1
7296,1
7297,2
7298,3
7299,0
7300,1
7301,3
7302,1
7303,0
7304,0
7305,2
7306,3
7307,1
7308,1
7309,1
7310,1
7311,2
7312,2
7313,1
7314,1
7315,0
7316,1
7317,1
7318,1
7319,1
7320,2
7321,2
7322,1
7323,0
7324,1
7325,3
7326,2
7327,1
7328,0
7329,0
7330,2
7331,2
7332,0
7333,1
7334,1
7335,1
7336,3
7337,0
7338,1
7339,1
7340,2
7341,2
7342,1
7343,3
7344,2
7345,0
7346,2
7347,0
7348,0
7349,1
7350,2
7351,3
7352,0
7353,2
7354,2
7355,0
7356,0
7357,3
7358,0
7359,2
7360,0
7361,1
7362,1
7363,0
7364,3
7365,0
7366,1
7367,2
7368,2
7369,3
7370,1
7371,2
7372,2
7373,3
7374,2
7375,0
7376,0
7377,2
7378,2
7379,0
7380,3
7381,1
7382,3
7383,3
7384,3
7385,1
7386,3
7387,2
7388,1
7389,3
7390,2
7391,2
7392,2
7393,3
7394,1
7395,3
7396,2
7397,1
7398,1
7399,2
7400,1
7401,2
7402,0
7403,0
7404,0
7405,1
7406,2
7407,3
7408,2
7409,0
7410,1
7411,3
7412,0
7413,2
7414,0
7415,2
7416,2
7417,2
7418,3
7419,2
7420,3
7421,3
7422,3
7423,2
7424,1
7425,2
7426,2
7427,1
7428,1
7429,2
7430,1
7431,1
7432,3
7433,3
7434,3
7435,2
7436,2
7437,1
7438,3
7439,2
7440,0
7441,1
7442,1
7443,0
7444,3
7445,3
7446,1
7447,2
7448,0
7449,2
7450,1
7451,1
7452,1
7453,1
7454,3
7455,3
7456,3
7457,0
7458,0
7459,2
7460,3
7461,3
7462,1
7463,0
7464,2
7465,1
7466,1
7467,0
7468,3
7469,2
7470,3
7471,2
7472,2
7473,0
7474,1
7476,0
7477,3
7478,0
7479,2
7480,1
7481,2
7482,1
7483,0
7484,2
7485,2
7486,3
7487,3
7488,3
7489,2
7490,3
7491,3
7492,2
7493,1
7494,2
7495,1
7496,0
7497,1
7498,3
7499,1
7500,3
7501,1
7502,2
7503,2
7504,2
7505,0
7506,3
7507,1
7508,0
7509,1
7510,0
7511,2
7512,0
7513,0
7514,2
7515,1
7516,0
7517,1
7518,0
7519,1
7520,1
7521,2
7522,0
7523,2
7524,1
7525,3
7526,3
7527,3
7528,0
7529,0
7530,1
7531,1
7532,0
7533,1
7534,1
7535,1
7536,0
7537,3
7538,0
7539,2
7540,0
7541,2
7542,3
7543,3
7544,1
7545,1
7546,1
7547,1
7548,3
7549,2
7550,3
7551,0
7552,1
7553,1
7554,2
7555,3
7556,2
7557,1
7558,1
7559,2
7560,0
7561,3
7562,1
7563,3
7564,2
7565,3
7566,3
7567,1
7568,0
7569,0
7570,0
7571,2
7572,2
7573,1
7574,1
7575,3
7576,0
7577,1
7578,2
7579,2
7580,2
7581,0
7582,1
7583,2
7584,0
7585,3
7586,0
7587,3
7588,2
7589,0
7590,1
7591,3
7592,1
7593,0
7594,1
7595,3
7596,1
7597,3
7598,1
7599,3
7600,1
7601,0
7602,1
7603,1
7604,2
7605,3
7606,1
7607,2
7608,2
7609,0
7610,1
7611,1
7612,1
7613,2
7614,2
7615,0
7616,0
7617,1
7618,1
7619,3
7620,2
7621,1
7622,3
7623,2
7624,1
7625,0
7626,2
7627,0
7628,2
7629,1
7630,3
7631,0
7632,1
7633,1
7634,1
7635,3
7636,3
7637,2
7638,2
7639,0
7640,2
7641,3
7642,3
7643,0
7644,3
7645,2
7646,3
7647,3
7648,1
7649,2
7650,1
7651,1
7652,0
7653,0
7654,1
7655,0
7656,1
7657,3
7658,2
7659,2
7660,3
7661,0
7662,0
7663,0
7664,0
7665,3
7666,1
7667,2
7668,3
7669,0
7670,1
7671,3
7672,1
7673,1
7674,2
7675,1
7676,3
7677,1
7678,1
7679,1
7680,3
7681,1
7682,1
7683,3
7684,1
7685,1
7686,0
7687,3
7688,0
7689,1
7690,1
7691,1
7692,3
7693,1
7694,2
7695,2
7696,3
7697,2
7698,1
7699,0
7700,3
7701,1
7702,3
7703,2
7704,0
7705,0
7706,3
7707,0
7708,1
7709,0
7710,2
7711,3
7712,3
7713,0
7714,0
7715,2
7716,3
7717,1
7718,1
7719,2
7720,0
7721,0
7722,3
7723,1
7724,2
7725,2
7726,3
7727,0
7728,1
7729,3
7730,2
7731,0
7732,1
7733,3
7734,3
7735,0
7736,0
7737,2
7738,3
7739,0
7740,2
7741,2
7742,2
7743,0
7744,0
7745,1
7746,1
7747,0
7748,3
7749,0
7750,0
7751,1
7752,2
7753,3
7754,0
7755,1
7756,2
7757,2
7758,0
7759,0
7760,2
7761,3
7762,2
7763,3
7764,0
7765,1
7766,2
7767,0
7768,3
7769,3
7770,1
7771,2
7772,2
7773,3
7774,2
7775,3
7776,3
7777,2
7778,2
7779,0
7780,2
7781,3
7782,0
7783,1
7784,1
7785,0
7786,2
7787,3
7788,0
7789,1
7790,0
7791,1
7792,3
7793,2
7794,2
7795,3
7796,3
7797,3
7798,1
7799,2
7800,3
7801,1
7802,0
7803,0
7804,2
7805,2
7806,0
7807,2
7808,1
7809,2
7810,2
7811,0
7812,0
7813,2
7814,1
7815,3
7816,2
7817,1
7818,3
7819,2
7820,3
7821,1
7822,0
7823,0
7824,1
7825,0
7826,2
7827,2
7828,2
7829,2
7830,2
7831,0
7832,3
7833,2
7834,1
7835,2
7836,2
7837,2
7838,3
7839,1
7840,1
7841,3
7842,3
7843,1
7844,1
7845,0
7846,0
7847,0
7848,2
7849,3
7850,2
7851,3
7852,1
7853,3
7854,1
7855,0
7856,0
7857,0
7858,3
7859,2
7860,2
7861,3
7862,3
7863,3
7864,0
7865,0
7866,0
7867,0
7868,3
7869,1
7870,0
7871,0
7872,1
7873,1
7874,0
7875,0
7876,1
7877,0
7878,1
7879,0
7880,1
7881,1
7882,2
7883,1
7884,3
7885,1
7886,2
7887,0
7888,1
7889,2
7890,1
7891,0
7892,0
7893,3
7894,3
7895,2
7896,3
7897,0
7898,0
7899,3
7900,3
7901,0
7902,3
7903,2
7904,3
7905,0
7906,0
7907,0
7908,2
7909,0
7910,0
7911,3
7912,2
7913,2
7914,1
7915,1
7916,1
7917,2
7918,2
7919,3
7920,1
7921,3
7922,0
7923,3
7924,0
7925,3
7926,1
7927,3
7928,1
7929,3
7930,2
7931,1
7932,1
7933,1
7934,2
7935,2
7936,0
7937,0
7938,3
7939,3
7940,2
7941,2
7942,3
7943,0
7944,0
7945,0
7946,1
7947,1
7948,3
7949,2
7950,2
7951,2
7952,3
7953,1
7954,2
7955,3
7956,0
7957,3
7958,2
7959,1
7960,3
7961,1
7962,1
7963,2
7964,1
7965,3
7966,1
7967,0
7968,1
7969,2
7970,3
7971,0
7972,1
7973,0
7974,3
7975,3
7976,0
7977,1
7978,0
7979,0
7980,1
7981,2
7982,0
7983,3
7984,0
7985,1
7986,1
7987,3
7988,2
7989,1
7990,3
7991,0
7992,1
7993,2
7994,1
7995,0
7996,0
7997,2
7998,3
7999,3
8000,1
8001,1
8002,0
8003,0
8004,2
8005,2
8006,1
8007,1
8008,2
8009,1
8010,0
8011,3
8012,1
8013,1
8015,3
8016,1
8017,0
8018,1
8020,1
8021,0
8022,3
8023,2
8024,3
8025,1
8026,1
8027,0
8028,1
8029,0
8030,1
8031,0
8032,3
8033,3
8034,3
8035,2
8036,1
8037,3
8038,2
8039,1
8040,3
8041,0
8042,0
8043,2
8044,2
8045,0
8046,3
8047,2
8048,1
8049,0
8050,3
8051,1
8052,0
8053,2
8054,1
8055,1
8056,0
8057,0
8058,0
8059,1
8060,2
8061,0
8062,2
8063,0
8064,3
8065,3
8066,0
8067,1
8068,3
8069,1
8070,3
8071,0
8072,3
8073,3
8074,0
8075,2
8076,1
8077,0
8078,2
8079,2
8080,2
8081,3
8082,0
8083,2
8084,3
8085,3
8086,1
8087,0
8088,3
8089,2
8090,1
8091,3
8092,3
8093,0
8094,3
8095,2
8096,0
8097,0
8098,1
8099,1
8100,3
8101,2
8102,1
8103,0
8104,3
8105,2
8106,0
8107,2
8108,3
8109,0
8110,3
8111,2
8112,1
8113,3
8114,1
8115,2
8116,3
8117,1
8118,0
8119,0
8120,3
8121,2
8123,3
8124,0
8125,1
8126,3
8127,0
8128,2
8129,2
8130,3
8131,2
8132,3
8133,1
8134,1
8135,0
8136,0
8137,2
8138,2
8139,0
8140,2
8141,3
8142,2
8143,1
8144,1
8145,3
8146,1
8147,3
8148,2
8149,0
8150,3
8151,1
8152,3
8153,1
8154,3
8155,2
8156,3
8157,3
8158,0
8159,2
8160,1
8161,1
8162,1
8163,3
8164,1
8165,0
8166,0
8167,1
8168,3
8169,3
8170,3
8171,0
8172,3
8173,3
8174,0
8175,2
8176,0
8177,3
8178,2
8179,3
8180,3
8181,1
8182,2
8183,3
8184,0
8185,2
8186,1
8187,2
8188,2
8189,0
8190,3
8191,2
8192,0
8193,0
8194,2
8195,3
8196,1
8197,3
8198,1
8199,1
8200,3
8201,3
8202,3
8203,1
8204,0
8205,3
8206,3
8207,3
8208,0
8209,2
8210,3
8211,3
8212,3
8213,0
8214,0
8215,2
8216,3
8217,3
8218,0
8219,2
8220,3
8221,2
8222,2
8223,0
8224,2
8225,2
8226,0
8227,1
8228,3
8229,2
8230,2
8231,1
8232,2
8233,3
8234,3
8235,2
8236,1
8237,3
8238,3
8239,1
8240,3
8241,2
8242,3
8243,0
8244,2
8245,1
8246,1
8247,0
8248,2
8249,3
8250,1
8251,2
8252,1
8253,0
8254,2
8255,2
8256,1
8257,0
8258,3
8259,1
8260,1
8261,0
8262,0
8263,2
8264,2
8265,0
8266,0
8267,3
8268,2
8269,0
8270,3
8271,2
8272,1
8273,1
8274,0
8275,0
8276,0
8277,3
8278,0
8279,2
8280,1
8281,0
8282,3
8283,1
8284,0
8285,3
8286,1
8287,0
8288,1
8289,1
8290,2
8291,3
8292,3
8293,1
8294,3
8295,3
8296,1
8297,0
8298,3
8299,0
8300,1
8301,2
8302,0
8303,0
8304,0
8305,3
8306,0
8307,2
8308,1
8309,1
8310,0
8311,0
8312,2
8313,3
8314,3
8315,0
8316,2
8317,1
8318,0
8319,0
8320,1
8321,3
8322,1
8323,2
8324,1
8325,1
8326,2
8327,1
8328,3
8329,3
8330,3
8331,2
8332,0
8333,2
8334,3
8335,1
8336,0
8337,3
8338,2
8339,1
8340,2
8341,1
8342,3
8343,3
8344,3
8345,1
8346,0
8347,3
8348,3
8349,1
8350,2
8351,3
8352,2
8353,1
8354,1
8355,0
8356,2
8357,0
8358,1
8359,1
8360,0
8361,2
8362,1
8363,0
8364,0
8365,2
8366,1
8367,2
8368,2
8369,1
8370,3
8371,2
8372,3
8373,2
8374,2
8376,3
8377,1
8378,3
8379,0
8380,0
8381,0
8382,1
8383,3
8384,2
8385,2
8386,1
8387,0
8388,0
8389,2
8390,2
8391,1
8392,1
8393,1
8394,0
8395,2
8396,0
8397,0
8398,0
8399,2
8400,0
8401,2
8402,1
8403,2
8404,3
8405,0
8406,1
8407,3
8408,0
8409,3
8410,2
8411,1
8412,3
8413,1
8414,3
8415,1
8416,3
8417,1
8418,1
8419,2
8421,0
8422,2
8423,0
8424,2
8425,3
8426,2
8427,1
8428,2
8429,0
8430,3
8431,0
8432,0
8433,1
8434,0
8435,1
8436,0
8437,1
8438,0
8439,2
8440,3
8441,2
8442,3
8443,2
8444,2
8445,0
8446,3
8447,3
8448,0
8449,3
8450,1
8451,1
8452,2
8453,1
8454,0
8455,0
8456,2
8457,2
8458,3
8459,1
8460,0
8461,3
8462,1
8463,2
8464,0
8465,0
8466,2
8467,0
8468,1
8469,0
8470,2
8471,0
8472,3
8473,3
8474,3
8475,2
8476,1
8477,0
8478,1
8479,2
8480,0
8481,0
8482,2
8483,3
8484,1
8485,2
8486,0
8487,1
8488,2
8489,1
8490,2
8491,3
8492,2
8493,3
8494,3
8495,1
8496,0
8497,1
8498,2
8499,1
8500,0
8501,0
8502,1
8503,3
8504,1
8505,0
8506,1
8507,1
8508,0
8509,1
8510,3
8511,2
8512,1
8513,2
8514,2
8515,1
8516,1
8517,1
8518,0
8519,1
8520,1
8521,1
8522,3
8523,1
8524,2
8525,2
8526,3
8527,3
8528,1
8529,1
8530,0
8531,1
8532,2
8533,0
8534,0
8535,1
8536,0
8537,0
8538,3
8539,1
8540,3
8541,0
8542,0
8543,0
8544,1
8545,2
8546,1
8547,0
8548,1
8549,2
8550,1
8551,1
8552,0
8553,3
8554,3
8555,2
8556,0
8557,2
8558,2
8559,2
8560,0
8561,1
8562,1
8563,0
8564,1
8565,2
8566,0
8567,0
8568,3
8569,3
8570,3
8571,3
8572,1
8573,2
8574,0
8575,3
8576,2
8577,0
8578,3
8579,2
8580,2
8581,0
8582,2
8583,0
8584,3
8585,3
8586,0
8587,2
8588,1
8589,0
8590,3
8591,3
8592,3
8593,2
8594,3
8595,1
8596,2
8597,1
8598,3
8599,3
8600,0
8601,3
8602,1
8603,2
8604,1
8605,3
8606,1
8607,2
8608,1
8609,1
8610,0
8611,3
8612,0
8613,2
8614,3
8615,0
8616,1
8617,3
8618,2
8619,2
8620,0
8621,2
8622,0
8623,2
8624,0
8625,0
8626,0
8627,3
8628,0
8629,0
8630,0
8631,0
8632,1
8633,3
8634,0
8635,1
8636,3
8637,1
8638,3
8639,0
8640,3
8641,2
8642,2
8643,1
8644,0
8645,1
8646,3
8647,3
8648,0
8649,2
8650,2
8651,1
8652,0
8653,1
8654,0
8655,2
8656,2
8657,0
8658,1
8659,1
8660,0
8661,1
8662,1
8663,1
8664,3
8665,3
8666,3
8667,3
8668,0
8669,2
8670,1
8671,2
8672,1
8673,0
8674,0
8675,2
8676,0
8677,1
8678,2
8679,3
8680,3
8681,1
8682,0
8683,1
8684,1
8685,3
8686,1
8687,1
8688,1
8689,0
8690,1
8691,0
8692,1
8693,0
8694,2
8695,1
8696,1
8697,3
8698,0
8699,3
8700,3
8701,1
8702,0
8703,1
8704,0
8705,1
8706,1
8707,1
8708,0
8709,1
8710,2
8711,1
8712,2
8713,1
8714,3
8715,2
8716,2
8717,3
8718,0
8719,1
8720,3
8721,2
8722,2
8723,2
8724,2
8725,2
8726,2
8727,2
8728,2
8729,1
8730,0
8731,1
8732,2
8733,1
8734,1
8735,0
8736,1
8737,0
8738,2
8739,3
8740,0
8741,2
8742,2
8743,1
8744,1
8745,0
8746,3
8747,0
8748,3
8749,1
8750,1
8751,1
8752,1
8753,0
8754,3
8755,0
8756,0
8757,2
8758,3
8759,3
8760,2
8761,1
8762,3
8763,2
8764,0
8765,2
8766,0
8767,2
8768,1
8769,1
8770,2
8771,1
8772,3
8773,3
8774,0
8775,3
8776,0
8777,3
8778,3
8779,0
8780,0
8781,1
8782,0
8783,1
8784,2
8785,3
8786,3
8787,2
8788,0
8789,2
8790,3
8791,3
8792,1
8793,0
8794,1
8795,0
8796,1
8797,2
8798,3
8799,0
8800,3
8801,1
8802,2
8803,0
8804,1
8805,3
8806,0
8807,0
8808,0
8809,0
8810,0
8811,2
8812,3
8813,3
8814,3
8815,1
8816,0
8817,2
8818,3
8819,0
8820,1
8821,2
8822,1
8823,2
8824,2
8825,2
8826,0
8827,1
8828,2
8829,0
8830,3
8831,0
8832,2
8833,2
8834,3
8835,0
8836,1
8837,0
8838,3
8839,1
8840,1
8841,3
8842,3
8843,1
8844,0
8845,0
8846,1
8847,0
8848,1
8849,1
8850,0
8851,3
8852,0
8853,2
8854,3
8855,2
8856,0
8857,1
8858,1
8859,2
8860,3
8861,0
8862,0
8863,0
8864,2
8865,2
8866,0
8867,1
8868,3
8869,2
8870,1
8871,3
8872,2
8873,1
8874,1
8875,2
8876,1
8877,0
8878,1
8879,1
8880,0
8881,0
8882,0
8883,0
8884,1
8885,3
8886,2
8887,3
8888,3
8889,2
8890,1
8891,1
8892,2
8893,3
8894,1
8895,3
8896,2
8897,1
8898,2
8899,0
8900,1
8901,0
8902,1
8903,2
8904,2
8905,2
8906,0
8907,2
8908,0
8909,1
8910,2
8911,1
8912,1
8913,3
8914,1
8915,1
8916,0
8917,1
8918,0
8919,3
8920,2
8921,2
8922,2
8923,0
8924,2
8925,1
8926,3
8927,2
8928,1
8929,0
8930,3
8931,1
8932,0
8933,1
8934,2
8935,3
8936,2
8937,0
8938,1
8939,3
8940,3
8941,3
8942,3
8943,1
8944,3
8945,2
8946,1
8947,0
8948,1
8949,2
8950,0
8951,2
8952,0
8953,0
8954,3
8955,1
8956,3
8957,3
8958,3
8959,3
8960,2
8961,0
8962,1
8963,1
8964,1
8965,3
8966,0
8967,3
8968,1
8969,3
8970,1
8971,3
8972,3
8973,0
8974,2
8975,0
8976,0
8977,3
8978,2
8979,2
8980,0
8981,0
8982,2
8983,3
8984,3
8985,3
8986,0
8987,3
8988,1
8989,3
8990,2
8991,2
8992,2
8993,3
8994,3
8995,3
8996,1
8997,3
8998,2
8999,0
9000,0
9001,2
9002,3
9003,0
9004,0
9005,0
9006,3
9007,0
9008,0
9009,0
9010,3
9011,0
9012,3
9013,2
9014,3
9015,2
9016,3
9017,3
9018,2
9019,0
9020,3
9021,0
9022,2
9023,3
9024,3
9025,1
9026,3
9027,2
9028,3
9029,1
9030,3
9031,1
9032,1
9033,3
9034,1
9035,0
9036,1
9037,3
9038,2
9039,0
9040,1
9041,0
9042,1
9043,2
9044,2
9045,0
9046,0
9047,1
9048,0
9049,3
9050,0
9051,3
9052,2
9053,0
9054,0
9055,3
9056,1
9057,0
9058,0
9059,3
9060,1
9061,0
9062,1
9063,2
9064,1
9065,2
9066,1
9067,2
9068,0
9069,0
9070,2
9071,1
9072,0
9073,2
9074,0
9075,0
9076,1
9077,3
9078,0
9079,2
9080,1
9081,3
9082,3
9083,1
9084,2
9085,2
9086,3
9087,1
9088,0
9089,2
9090,1
9091,2
9092,3
9093,0
9094,0
9095,3
9096,1
9097,3
9098,0
9099,3
9100,1
9101,3
9102,2
9103,2
9104,0
9105,2
9106,1
9107,1
9108,0
9109,0
9110,0
9111,2
9112,1
9113,1
9114,3
9115,3
9116,3
9117,0
9118,1
9119,3
9120,1
9121,2
9122,1
9123,2
9124,1
9125,1
9126,1
9127,2
9128,3
9129,0
9130,3
9131,0
9132,0
9133,0
9134,3
9135,3
9136,3
9137,0
9138,1
9139,3
9140,1
9141,0
9142,0
9143,1
9144,2
9145,0
9146,0
9147,1
9148,1
9149,1
9150,0
9151,3
9152,0
9153,1
9154,1
9155,3
9156,3
9157,3
9158,3
9159,3
9160,1
9161,1
9162,3
9163,2
9164,3
9165,0
9166,1
9167,3
9168,1
9169,3
9170,3
9171,3
9172,1
9173,0
9174,1
9175,3
9176,0
9177,1
9178,3
9179,1
9180,3
9181,2
9182,0
9183,3
9184,3
9185,2
9186,1
9187,1
9188,3
9189,3
9190,3
9191,3
9192,3
9193,3
9194,0
9195,2
9196,1
9197,3
9198,3
9199,1
9200,0
9201,0
9202,0
9203,1
9204,1
9205,3
9206,1
9207,3
9208,1
9209,1
9210,3
9211,3
9212,2
9213,3
9214,3
9215,1
9216,0
9217,0
9218,2
9219,1
9220,0
9221,1
9222,1
9223,2
9224,3
9225,3
9226,0
9227,2
9228,1
9229,1
9230,2
9231,3
9232,3
9233,1
9234,0
9235,0
9236,2
9237,3
9238,2
9239,2
9240,0
9241,3
9242,1
9243,0
9244,1
9245,3
9246,2
9247,0
9248,3
9249,3
9250,3
9251,3
9252,2
9253,1
9254,1
9255,2
9256,2
9257,2
9258,1
9259,3
9260,1
9261,1
9262,3
9263,2
9264,0
9265,3
9266,1
9267,3
9268,1
9269,0
9270,1
9271,0
9272,1
9273,3
9274,2
9275,0
9276,2
9277,3
9278,2
9279,3
9280,1
9281,3
9282,0
9283,1
9284,2
9285,3
9286,2
9287,0
9288,1
9289,2
9290,1
9291,0
9292,3
9293,0
9294,2
9296,0
9297,3
9298,3
9299,0
9300,3
9301,1
9302,2
9303,0
9304,0
9305,1
9306,0
9307,1
9308,0
9309,0
9310,0
9311,1
9312,3
9313,1
9314,1
9315,3
9316,1
9317,2
9318,0
9319,0
9320,0
9321,0
9322,1
9323,0
9324,1
9326,3
9327,2
9328,3
9329,1
9330,3
9331,1
9332,0
9333,2
9334,1
9335,1
9336,1
9337,0
9338,1
9339,2
9340,2
9341,2
9342,3
9343,1
9344,1
9345,3
9346,2
9347,1
9348,0
9349,0
9350,0
9351,1
9352,1
9353,1
9354,3
9355,1
9356,0
9357,1
9358,1
9359,1
9360,3
9361,3
9362,0
9363,2
9364,3
9365,0
9366,0
9367,3
9368,1
9369,3
9370,1
9371,2
9372,2
9373,1
9374,1
9375,1
9376,0
9377,2
9378,1
9379,0
9380,1
9381,3
9382,3
9383,2
9384,0
9385,0
9386,2
9387,1
9388,0
9389,1
9390,2
9391,3
9392,3
9393,1
9394,0
9395,2
9396,2
9397,2
9398,3
9399,1
9400,2
9401,3
9402,1
9403,1
9404,0
9405,2
9406,2
9407,1
9408,1
9409,2
9410,0
9411,3
9412,1
9413,1
9414,1
9415,3
9416,3
9417,3
9418,1
9419,1
9420,1
9421,0
9422,0
9423,2
9424,1
9425,3
9426,2
9427,1
9428,1
9429,2
9430,3
9431,0
9432,3
9433,3
9434,3
9435,3
9436,0
9437,3
9438,0
9439,0
9440,1
9441,1
9442,3
9443,3
9444,3
9445,2
9446,3
9447,0
9448,2
9449,1
9450,1
9451,2
9452,0
9453,1
9454,3
9455,1
9456,1
9457,3
9458,1
9459,3
9460,2
9461,1
9462,0
9463,2
9464,2
9465,3
9466,3
9467,1
9468,2
9469,3
9470,2
9471,0
9472,0
9473,2
9474,3
9475,2
9476,1
9477,3
9478,3
9479,0
9480,0
9481,2
9482,1
9483,2
9484,3
9485,0
9486,3
9487,3
9488,0
9489,0
9490,1
9491,3
9492,3
9493,2
9494,1
9495,3
9496,2
9497,1
9498,1
9499,2
9500,3
9501,2
9502,1
9503,0
9504,3
9505,0
9506,3
9507,2
9508,3
9509,2
9510,1
9511,0
9512,2
9513,3
9514,2
9515,2
9516,3
9517,1
9518,0
9519,1
9520,1
9521,0
9522,1
9523,0
9524,3
9525,0
9526,3
9527,3
9528,0
9529,3
9530,2
9531,3
9532,0
9533,3
9534,1
9535,3
9536,2
9537,1
9538,0
9539,3
9540,2
9541,1
9542,1
9543,0
9544,1
9545,1
9546,0
9547,0
9548,0
9549,2
9550,1
9551,3
9552,2
9553,1
9555,1
9556,2
9557,3
9558,0
9559,3
9560,0
9561,1
9562,0
9563,1
9564,2
9565,3
9566,1
9567,2
9568,0
9569,1
9570,2
9571,3
9572,1
9573,0
9574,0
9575,1
9576,1
9577,0
9578,3
9579,2
9580,0
9581,3
9582,3
9583,2
9584,3
9585,0
9586,0
9587,1
9588,2
9589,0
9590,1
9591,3
9592,1
9593,3
9594,2
9595,1
9596,0
9597,1
9598,1
9599,2
9600,3
9601,0
9602,0
9603,1
9604,2
9605,3
9606,2
9607,3
9608,1
9609,3
9610,1
9611,3
9612,3
9613,0
9614,0
9615,1
9616,3
9617,1
9618,2
9619,3
9620,2
9621,3
9622,2
9623,0
9624,1
9625,3
9626,3
9627,1
9628,1
9629,2
9630,1
9631,1
9632,2
9633,0
9634,3
9635,1
9636,1
9637,0
9638,0
9639,3
9640,3
9641,0
9642,2
9643,1
9644,0
9645,0
9646,3
9647,3
9648,3
9649,3
9650,1
9651,3
9652,3
9653,2
9654,3
9655,1
9656,2
9657,3
9658,0
9659,1
9660,0
9661,1
9662,3
9663,0
9664,1
9665,0
9666,1
9667,1
9668,3
9669,1
9670,2
9671,1
9672,0
9673,1
9674,1
9675,2
9676,2
9677,2
9678,2
9679,0
9680,3
9681,1
9682,0
9683,0
9684,2
9685,3
9686,1
9687,0
9688,1
9689,2
9690,2
9691,0
9692,0
9693,3
9694,2
9695,2
9696,1
9697,0
9698,0
9699,1
9700,3
9701,0
9702,2
9703,2
9704,0
9705,1
9706,3
9707,2
9708,3
9709,1
9710,2
9711,2
9712,2
9713,1
9714,1
9715,2
9716,1
9717,3
9718,2
9719,1
9720,2
9721,0
9722,3
9723,1
9724,2
9725,3
9726,3
9727,2
9728,1
9729,0
9730,2
9731,0
9732,0
9733,3
9734,0
9735,0
9736,3
9737,3
9738,2
9739,1
9740,0
9741,0
9742,3
9743,0
9744,3
9745,1
9746,0
9747,1
9748,0
9749,1
9750,3
9751,3
9752,3
9753,2
9754,2
9755,2
9756,0
9757,3
9758,1
9759,0
9760,1
9761,3
9762,2
9763,1
9764,2
9765,2
9766,0
9767,1
9768,1
9769,2
9770,1
9771,2
9772,0
9773,3
9774,2
9775,3
9776,3
9777,1
9778,2
9779,1
9780,2
9781,3
9782,0
9783,3
9784,0
9785,0
9786,3
9787,2
9788,2
9789,3
9790,1
9791,1
9792,3
9793,3
9794,2
9795,0
9796,2
9797,2
9798,3
9799,3
9800,2
9801,1
9802,3
9803,2
9804,2
9805,3
9806,1
9807,1
9808,3
9809,0
9810,2
9811,0
9812,2
9813,0
9814,2
9815,3
9816,2
9817,3
9818,0
9819,1
9820,0
9821,1
9822,3
9823,0
9824,0
9825,2
9826,3
9827,1
9828,0
9829,2
9830,0
9831,2
9832,1
9833,1
9834,0
9835,3
9836,3
9837,2
9838,1
9839,3
9840,0
9841,2
9842,0
9843,0
9844,0
9845,1
9846,1
9847,2
9848,2
9849,0
9850,1
9851,0
9852,2
9853,3
9854,3
9855,3
9856,0
9857,1
9858,0
9859,0
9860,0
9861,0
9862,2
9863,0
9864,1
9865,1
9866,2
9867,1
9868,0
9869,3
9870,0
9871,2
9872,1
9873,3
9874,1
9875,0
9876,2
9877,1
9878,2
9879,0
9880,1
9881,1
9882,3
9883,3
9884,3
9885,1
9886,0
9887,3
9888,3
9889,0
9890,1
9891,0
9892,3
9893,3
9894,3
9895,3
9896,1
9897,1
9898,1
9899,3
9900,1
9901,3
9902,3
9903,1
9904,0
9905,0
9906,1
9907,1
9908,0
9909,1
9910,1
9911,1
9912,3
9913,0
9914,1
9915,3
9916,0
9917,2
9918,0
9919,3
9920,0
9921,3
9922,2
9923,3
9924,1
9925,1
9926,2
9927,2
9928,1
9929,3
9930,3
9931,3
9932,2
9933,1
9934,3
9935,0
9936,2
9937,0
9938,2
9939,0
9940,3
9941,1
9942,2
9943,1
9944,3
9945,3
9946,2
9947,0
9948,2
9949,1
9950,3
9951,3
9952,1
9953,1
9954,1
9955,3
9956,0
9957,3
9958,3
9959,1
9960,1
9961,0
9962,3
9963,3
9964,1
9965,3
9966,0
9967,1
9968,1
9969,1
9970,0
9971,3
9972,0
9973,3
9974,2
9975,2
9976,3
9977,0
9978,3
9979,2
9980,1
9981,1
9982,0
9983,0
9984,2
9985,0
9986,3
9987,0
9988,3
9989,2
9990,2
9991,1
9992,3
9993,3
9994,3
9995,3
9996,2
9997,0
9998,1
9999,0
10000,0
10001,2
10002,1
10003,0
10004,0
10005,1
10006,2
10007,1
10008,2
10009,3
10010,1
10012,1
10013,3
10014,2
10015,1
10016,0
10017,1
10018,3
10019,2
10020,0
10021,3
10022,2
10023,2
10024,3
10025,3
10026,3
10027,1
10028,3
10029,1
10030,0
10031,1
10032,0
10033,0
10034,2
10035,3
10036,2
10037,0
10038,1
10039,2
10040,0
10041,1
10042,1
10043,1
10044,1
10045,0
10046,2
10047,1
10048,3
10049,2
10050,2
10051,1
10052,2
10053,2
10054,1
10055,2
10056,2
10057,3
10058,0
10059,0
10060,1
10061,2
10062,1
10063,1
10064,1
10065,3
10066,2
10067,1
10068,0
10069,0
10070,0
10071,0
10072,1
10073,1
10074,2
10075,1
10076,0
10077,0
10078,0
10079,1
10080,2
10081,2
10082,3
10083,1
10084,2
10085,0
10086,3
10087,3
10088,1
10089,0
10090,0
10091,2
10092,2
10093,1
10094,1
10095,1
10096,3
10097,1
10098,1
10099,2
10100,3
10101,0
10102,1
10103,2
10104,3
10105,2
10106,3
10107,2
10108,0
10109,0
10110,2
10111,1
10112,0
10113,3
10114,1
10115,1
10116,0
10117,2
10118,3
10119,1
10120,1
10121,0
10122,0
10123,2
10124,3
10125,0
10126,2
10127,3
10128,2
10129,0
10130,0
10131,2
10132,3
10133,0
10134,1
10135,0
10136,2
10137,1
10138,1
10139,3
10140,1
10141,1
10142,1
10143,1
10144,1
10145,0
10146,2
10147,1
10148,0
10149,1
10150,2
10151,1
10152,2
10153,1
10154,2
10155,2
10156,2
10157,1
10158,1
10159,1
10160,2
10161,2
10162,3
10163,3
10164,3
10165,0
10166,2
10167,0
10168,2
10169,2
10170,1
10171,2
10172,2
10173,1
10174,3
10175,2
10176,1
10177,3
10178,1
10179,1
10180,3
10181,3
10182,1
10183,3
10184,0
10185,0
10186,1
10187,0
10188,2
10189,2
10190,0
10191,3
10192,0
10193,2
10194,3
10195,1
10196,1
10197,3
10198,1
10199,3
10200,2
10201,3
10202,1
10203,3
10204,3
10205,3
10206,2
10207,1
10208,0
10209,2
10210,3
10211,0
10212,1
10213,3
10214,1
10215,0
10216,1
10217,1
10218,1
10219,3
10220,2
10221,1
10222,2
10223,1
10224,2
10225,2
10226,2
10227,1
10228,3
10229,1
10230,1
10231,2
10232,2
10233,3
10234,2
10235,3
10236,0
10237,0
10238,2
10239,1
10240,0
10241,0
10242,3
10243,3
10244,2
10245,1
10246,1
10247,0
10248,3
10249,2
10250,2
10251,0
10252,2
10253,1
10254,2
10255,1
10256,0
10257,1
10258,2
10259,1
10260,2
10261,2
10262,3
10263,3
10264,3
10265,3
10266,1
10267,0
10268,0
10269,3
10270,1
10271,1
10272,1
10273,0
10274,3
10275,2
10276,2
10277,0
10278,2
10279,1
10280,2
10281,1
10282,0
10283,1
10284,2
10285,1
10286,2
10287,2
10288,3
10289,3
10290,3
10291,3
10292,1
10293,0
10294,0
10295,3
10296,1
